cod_divipola,municipio,departamento,anio,semana_epidemiologica,evento_estandar,casos,poblacion,tasa_x_100k,so2_flux_ton_dia
52001,Pasto,Nariño,2020,1,IRA,182,450000,40.44,239.1
52001,Pasto,Nariño,2020,1,EDA,59,450000,13.11,371.4
52683,Sandoná,Nariño,2020,1,IRA,13,30000,43.33,674.0
52683,Sandoná,Nariño,2020,1,EDA,6,30000,20.0,280.5
52207,Consacá,Nariño,2020,1,IRA,4,14000,28.57,242.3
52207,Consacá,Nariño,2020,1,EDA,1,14000,7.14,559.7
52299,La Florida,Nariño,2020,1,IRA,4,18000,22.22,355.1
52299,La Florida,Nariño,2020,1,EDA,3,18000,16.67,586.1
52885,Yacuanquer,Nariño,2020,1,IRA,3,13000,23.08,615.7
52885,Yacuanquer,Nariño,2020,1,EDA,2,13000,15.38,226.8
52480,Nariño,Nariño,2020,1,IRA,10,22000,45.45,688.3
52480,Nariño,Nariño,2020,1,EDA,3,22000,13.64,326.2
52001,Pasto,Nariño,2020,2,IRA,238,450000,52.89,458.0
52001,Pasto,Nariño,2020,2,EDA,46,450000,10.22,294.0
52683,Sandoná,Nariño,2020,2,IRA,14,30000,46.67,640.6
52683,Sandoná,Nariño,2020,2,EDA,5,30000,16.67,726.8
52207,Consacá,Nariño,2020,2,IRA,5,14000,35.71,893.2
52207,Consacá,Nariño,2020,2,EDA,1,14000,7.14,605.3
52299,La Florida,Nariño,2020,2,IRA,8,18000,44.44,650.7
52299,La Florida,Nariño,2020,2,EDA,3,18000,16.67,622.6
52885,Yacuanquer,Nariño,2020,2,IRA,5,13000,38.46,259.2
52885,Yacuanquer,Nariño,2020,2,EDA,1,13000,7.69,425.7
52480,Nariño,Nariño,2020,2,IRA,5,22000,22.73,387.0
52480,Nariño,Nariño,2020,2,EDA,2,22000,9.09,417.9
52001,Pasto,Nariño,2020,3,IRA,203,450000,45.11,488.1
52001,Pasto,Nariño,2020,3,EDA,57,450000,12.67,379.5
52683,Sandoná,Nariño,2020,3,IRA,9,30000,30.0,887.9
52683,Sandoná,Nariño,2020,3,EDA,4,30000,13.33,658.9
52207,Consacá,Nariño,2020,3,IRA,4,14000,28.57,742.8
52207,Consacá,Nariño,2020,3,EDA,1,14000,7.14,498.3
52299,La Florida,Nariño,2020,3,IRA,10,18000,55.56,680.5
52299,La Florida,Nariño,2020,3,EDA,2,18000,11.11,711.7
52885,Yacuanquer,Nariño,2020,3,IRA,6,13000,46.15,775.6
52885,Yacuanquer,Nariño,2020,3,EDA,1,13000,7.69,255.5
52480,Nariño,Nariño,2020,3,IRA,7,22000,31.82,420.2
52480,Nariño,Nariño,2020,3,EDA,2,22000,9.09,892.3
52001,Pasto,Nariño,2020,4,IRA,249,450000,55.33,462.4
52001,Pasto,Nariño,2020,4,EDA,67,450000,14.89,520.2
52683,Sandoná,Nariño,2020,4,IRA,17,30000,56.67,565.3
52683,Sandoná,Nariño,2020,4,EDA,3,30000,10.0,413.9
52207,Consacá,Nariño,2020,4,IRA,6,14000,42.86,425.4
52207,Consacá,Nariño,2020,4,EDA,1,14000,7.14,878.6
52299,La Florida,Nariño,2020,4,IRA,7,18000,38.89,394.4
52299,La Florida,Nariño,2020,4,EDA,3,18000,16.67,601.5
52885,Yacuanquer,Nariño,2020,4,IRA,3,13000,23.08,271.5
52885,Yacuanquer,Nariño,2020,4,EDA,1,13000,7.69,685.7
52480,Nariño,Nariño,2020,4,IRA,11,22000,50.0,539.2
52480,Nariño,Nariño,2020,4,EDA,1,22000,4.55,510.2
52001,Pasto,Nariño,2020,5,IRA,277,450000,61.56,627.0
52001,Pasto,Nariño,2020,5,EDA,76,450000,16.89,868.1
52683,Sandoná,Nariño,2020,5,IRA,8,30000,26.67,766.3
52683,Sandoná,Nariño,2020,5,EDA,4,30000,13.33,632.7
52207,Consacá,Nariño,2020,5,IRA,5,14000,35.71,708.3
52207,Consacá,Nariño,2020,5,EDA,1,14000,7.14,558.4
52299,La Florida,Nariño,2020,5,IRA,7,18000,38.89,935.8
52299,La Florida,Nariño,2020,5,EDA,2,18000,11.11,433.8
52885,Yacuanquer,Nariño,2020,5,IRA,5,13000,38.46,372.2
52885,Yacuanquer,Nariño,2020,5,EDA,2,13000,15.38,875.2
52480,Nariño,Nariño,2020,5,IRA,8,22000,36.36,706.9
52480,Nariño,Nariño,2020,5,EDA,2,22000,9.09,353.5
52001,Pasto,Nariño,2020,6,IRA,248,450000,55.11,645.0
52001,Pasto,Nariño,2020,6,EDA,62,450000,13.78,638.4
52683,Sandoná,Nariño,2020,6,IRA,8,30000,26.67,486.0
52683,Sandoná,Nariño,2020,6,EDA,2,30000,6.67,933.1
52207,Consacá,Nariño,2020,6,IRA,8,14000,57.14,861.1
52207,Consacá,Nariño,2020,6,EDA,1,14000,7.14,289.2
52299,La Florida,Nariño,2020,6,IRA,10,18000,55.56,946.3
52299,La Florida,Nariño,2020,6,EDA,1,18000,5.56,605.6
52885,Yacuanquer,Nariño,2020,6,IRA,3,13000,23.08,808.5
52885,Yacuanquer,Nariño,2020,6,EDA,1,13000,7.69,341.3
52480,Nariño,Nariño,2020,6,IRA,9,22000,40.91,652.7
52480,Nariño,Nariño,2020,6,EDA,2,22000,9.09,891.2
52001,Pasto,Nariño,2020,7,IRA,196,450000,43.56,408.8
52001,Pasto,Nariño,2020,7,EDA,48,450000,10.67,797.3
52683,Sandoná,Nariño,2020,7,IRA,10,30000,33.33,483.7
52683,Sandoná,Nariño,2020,7,EDA,4,30000,13.33,737.2
52207,Consacá,Nariño,2020,7,IRA,6,14000,42.86,638.0
52207,Consacá,Nariño,2020,7,EDA,1,14000,7.14,418.4
52299,La Florida,Nariño,2020,7,IRA,7,18000,38.89,691.1
52299,La Florida,Nariño,2020,7,EDA,1,18000,5.56,415.1
52885,Yacuanquer,Nariño,2020,7,IRA,3,13000,23.08,723.2
52885,Yacuanquer,Nariño,2020,7,EDA,1,13000,7.69,928.8
52480,Nariño,Nariño,2020,7,IRA,13,22000,59.09,303.1
52480,Nariño,Nariño,2020,7,EDA,1,22000,4.55,751.6
52001,Pasto,Nariño,2020,8,IRA,164,450000,36.44,353.4
52001,Pasto,Nariño,2020,8,EDA,58,450000,12.89,686.5
52683,Sandoná,Nariño,2020,8,IRA,13,30000,43.33,848.6
52683,Sandoná,Nariño,2020,8,EDA,3,30000,10.0,397.5
52207,Consacá,Nariño,2020,8,IRA,4,14000,28.57,580.2
52207,Consacá,Nariño,2020,8,EDA,1,14000,7.14,607.5
52299,La Florida,Nariño,2020,8,IRA,10,18000,55.56,764.1
52299,La Florida,Nariño,2020,8,EDA,2,18000,11.11,327.7
52885,Yacuanquer,Nariño,2020,8,IRA,5,13000,38.46,510.6
52885,Yacuanquer,Nariño,2020,8,EDA,1,13000,7.69,441.7
52480,Nariño,Nariño,2020,8,IRA,7,22000,31.82,593.5
52480,Nariño,Nariño,2020,8,EDA,1,22000,4.55,464.4
52001,Pasto,Nariño,2020,9,IRA,172,450000,38.22,963.4
52001,Pasto,Nariño,2020,9,EDA,37,450000,8.22,915.9
52683,Sandoná,Nariño,2020,9,IRA,14,30000,46.67,294.3
52683,Sandoná,Nariño,2020,9,EDA,3,30000,10.0,896.5
52207,Consacá,Nariño,2020,9,IRA,9,14000,64.29,965.8
52207,Consacá,Nariño,2020,9,EDA,1,14000,7.14,383.1
52299,La Florida,Nariño,2020,9,IRA,8,18000,44.44,419.4
52299,La Florida,Nariño,2020,9,EDA,1,18000,5.56,300.5
52885,Yacuanquer,Nariño,2020,9,IRA,5,13000,38.46,1010.9
52885,Yacuanquer,Nariño,2020,9,EDA,0,13000,0.0,856.7
52480,Nariño,Nariño,2020,9,IRA,10,22000,45.45,579.9
52480,Nariño,Nariño,2020,9,EDA,2,22000,9.09,1018.7
52001,Pasto,Nariño,2020,10,IRA,225,450000,50.0,812.6
52001,Pasto,Nariño,2020,10,EDA,26,450000,5.78,486.8
52683,Sandoná,Nariño,2020,10,IRA,19,30000,63.33,705.0
52683,Sandoná,Nariño,2020,10,EDA,2,30000,6.67,835.4
52207,Consacá,Nariño,2020,10,IRA,4,14000,28.57,708.9
52207,Consacá,Nariño,2020,10,EDA,1,14000,7.14,916.4
52299,La Florida,Nariño,2020,10,IRA,6,18000,33.33,999.8
52299,La Florida,Nariño,2020,10,EDA,0,18000,0.0,401.1
52885,Yacuanquer,Nariño,2020,10,IRA,6,13000,46.15,779.2
52885,Yacuanquer,Nariño,2020,10,EDA,0,13000,0.0,350.2
52480,Nariño,Nariño,2020,10,IRA,13,22000,59.09,447.8
52480,Nariño,Nariño,2020,10,EDA,1,22000,4.55,736.1
52001,Pasto,Nariño,2020,11,IRA,201,450000,44.67,712.4
52001,Pasto,Nariño,2020,11,EDA,33,450000,7.33,985.1
52683,Sandoná,Nariño,2020,11,IRA,10,30000,33.33,815.3
52683,Sandoná,Nariño,2020,11,EDA,1,30000,3.33,566.4
52207,Consacá,Nariño,2020,11,IRA,7,14000,50.0,492.0
52207,Consacá,Nariño,2020,11,EDA,0,14000,0.0,843.0
52299,La Florida,Nariño,2020,11,IRA,5,18000,27.78,615.0
52299,La Florida,Nariño,2020,11,EDA,1,18000,5.56,1032.8
52885,Yacuanquer,Nariño,2020,11,IRA,4,13000,30.77,424.5
52885,Yacuanquer,Nariño,2020,11,EDA,0,13000,0.0,983.9
52480,Nariño,Nariño,2020,11,IRA,13,22000,59.09,942.0
52480,Nariño,Nariño,2020,11,EDA,1,22000,4.55,381.5
52001,Pasto,Nariño,2020,12,IRA,270,450000,60.0,808.0
52001,Pasto,Nariño,2020,12,EDA,33,450000,7.33,1029.1
52683,Sandoná,Nariño,2020,12,IRA,15,30000,50.0,265.9
52683,Sandoná,Nariño,2020,12,EDA,2,30000,6.67,493.1
52207,Consacá,Nariño,2020,12,IRA,7,14000,50.0,991.5
52207,Consacá,Nariño,2020,12,EDA,0,14000,0.0,349.7
52299,La Florida,Nariño,2020,12,IRA,5,18000,27.78,690.9
52299,La Florida,Nariño,2020,12,EDA,0,18000,0.0,731.1
52885,Yacuanquer,Nariño,2020,12,IRA,7,13000,53.85,418.4
52885,Yacuanquer,Nariño,2020,12,EDA,0,13000,0.0,465.5
52480,Nariño,Nariño,2020,12,IRA,10,22000,45.45,965.3
52480,Nariño,Nariño,2020,12,EDA,1,22000,4.55,331.7
52001,Pasto,Nariño,2020,13,IRA,196,450000,43.56,475.8
52001,Pasto,Nariño,2020,13,EDA,16,450000,3.56,861.5
52683,Sandoná,Nariño,2020,13,IRA,15,30000,50.0,464.3
52683,Sandoná,Nariño,2020,13,EDA,2,30000,6.67,690.3
52207,Consacá,Nariño,2020,13,IRA,6,14000,42.86,267.5
52207,Consacá,Nariño,2020,13,EDA,0,14000,0.0,948.8
52299,La Florida,Nariño,2020,13,IRA,11,18000,61.11,685.5
52299,La Florida,Nariño,2020,13,EDA,1,18000,5.56,714.3
52885,Yacuanquer,Nariño,2020,13,IRA,4,13000,30.77,359.4
52885,Yacuanquer,Nariño,2020,13,EDA,0,13000,0.0,961.2
52480,Nariño,Nariño,2020,13,IRA,12,22000,54.55,931.3
52480,Nariño,Nariño,2020,13,EDA,1,22000,4.55,423.9
52001,Pasto,Nariño,2020,14,IRA,163,450000,36.22,339.7
52001,Pasto,Nariño,2020,14,EDA,32,450000,7.11,948.2
52683,Sandoná,Nariño,2020,14,IRA,12,30000,40.0,743.0
52683,Sandoná,Nariño,2020,14,EDA,1,30000,3.33,983.9
52207,Consacá,Nariño,2020,14,IRA,8,14000,57.14,1020.0
52207,Consacá,Nariño,2020,14,EDA,1,14000,7.14,946.1
52299,La Florida,Nariño,2020,14,IRA,5,18000,27.78,833.3
52299,La Florida,Nariño,2020,14,EDA,0,18000,0.0,984.6
52885,Yacuanquer,Nariño,2020,14,IRA,7,13000,53.85,932.6
52885,Yacuanquer,Nariño,2020,14,EDA,0,13000,0.0,467.4
52480,Nariño,Nariño,2020,14,IRA,12,22000,54.55,343.8
52480,Nariño,Nariño,2020,14,EDA,1,22000,4.55,928.3
52001,Pasto,Nariño,2020,15,IRA,154,450000,34.22,892.3
52001,Pasto,Nariño,2020,15,EDA,24,450000,5.33,495.5
52683,Sandoná,Nariño,2020,15,IRA,16,30000,53.33,435.3
52683,Sandoná,Nariño,2020,15,EDA,1,30000,3.33,408.5
52207,Consacá,Nariño,2020,15,IRA,5,14000,35.71,929.3
52207,Consacá,Nariño,2020,15,EDA,1,14000,7.14,475.2
52299,La Florida,Nariño,2020,15,IRA,8,18000,44.44,568.8
52299,La Florida,Nariño,2020,15,EDA,1,18000,5.56,674.7
52885,Yacuanquer,Nariño,2020,15,IRA,7,13000,53.85,348.1
52885,Yacuanquer,Nariño,2020,15,EDA,0,13000,0.0,397.2
52480,Nariño,Nariño,2020,15,IRA,13,22000,59.09,464.6
52480,Nariño,Nariño,2020,15,EDA,0,22000,0.0,595.9
52001,Pasto,Nariño,2020,16,IRA,226,450000,50.22,499.0
52001,Pasto,Nariño,2020,16,EDA,26,450000,5.78,651.5
52683,Sandoná,Nariño,2020,16,IRA,11,30000,36.67,701.8
52683,Sandoná,Nariño,2020,16,EDA,1,30000,3.33,803.8
52207,Consacá,Nariño,2020,16,IRA,3,14000,21.43,971.0
52207,Consacá,Nariño,2020,16,EDA,0,14000,0.0,812.0
52299,La Florida,Nariño,2020,16,IRA,9,18000,50.0,774.3
52299,La Florida,Nariño,2020,16,EDA,0,18000,0.0,311.1
52885,Yacuanquer,Nariño,2020,16,IRA,6,13000,46.15,511.8
52885,Yacuanquer,Nariño,2020,16,EDA,0,13000,0.0,911.2
52480,Nariño,Nariño,2020,16,IRA,11,22000,50.0,488.7
52480,Nariño,Nariño,2020,16,EDA,1,22000,4.55,572.1
52001,Pasto,Nariño,2020,17,IRA,169,450000,37.56,481.1
52001,Pasto,Nariño,2020,17,EDA,16,450000,3.56,576.6
52683,Sandoná,Nariño,2020,17,IRA,16,30000,53.33,773.0
52683,Sandoná,Nariño,2020,17,EDA,2,30000,6.67,725.8
52207,Consacá,Nariño,2020,17,IRA,4,14000,28.57,674.1
52207,Consacá,Nariño,2020,17,EDA,0,14000,0.0,474.4
52299,La Florida,Nariño,2020,17,IRA,6,18000,33.33,698.6
52299,La Florida,Nariño,2020,17,EDA,1,18000,5.56,610.6
52885,Yacuanquer,Nariño,2020,17,IRA,5,13000,38.46,418.4
52885,Yacuanquer,Nariño,2020,17,EDA,0,13000,0.0,944.3
52480,Nariño,Nariño,2020,17,IRA,11,22000,50.0,384.8
52480,Nariño,Nariño,2020,17,EDA,0,22000,0.0,649.2
52001,Pasto,Nariño,2020,18,IRA,193,450000,42.89,506.0
52001,Pasto,Nariño,2020,18,EDA,30,450000,6.67,820.8
52683,Sandoná,Nariño,2020,18,IRA,13,30000,43.33,422.3
52683,Sandoná,Nariño,2020,18,EDA,1,30000,3.33,270.8
52207,Consacá,Nariño,2020,18,IRA,4,14000,28.57,611.9
52207,Consacá,Nariño,2020,18,EDA,0,14000,0.0,307.4
52299,La Florida,Nariño,2020,18,IRA,6,18000,33.33,728.9
52299,La Florida,Nariño,2020,18,EDA,0,18000,0.0,779.3
52885,Yacuanquer,Nariño,2020,18,IRA,5,13000,38.46,437.0
52885,Yacuanquer,Nariño,2020,18,EDA,0,13000,0.0,256.5
52480,Nariño,Nariño,2020,18,IRA,10,22000,45.45,835.1
52480,Nariño,Nariño,2020,18,EDA,0,22000,0.0,574.1
52001,Pasto,Nariño,2020,19,IRA,121,450000,26.89,965.0
52001,Pasto,Nariño,2020,19,EDA,25,450000,5.56,286.6
52683,Sandoná,Nariño,2020,19,IRA,8,30000,26.67,883.0
52683,Sandoná,Nariño,2020,19,EDA,1,30000,3.33,848.0
52207,Consacá,Nariño,2020,19,IRA,5,14000,35.71,987.3
52207,Consacá,Nariño,2020,19,EDA,0,14000,0.0,959.0
52299,La Florida,Nariño,2020,19,IRA,8,18000,44.44,706.9
52299,La Florida,Nariño,2020,19,EDA,1,18000,5.56,626.3
52885,Yacuanquer,Nariño,2020,19,IRA,6,13000,46.15,658.5
52885,Yacuanquer,Nariño,2020,19,EDA,0,13000,0.0,804.8
52480,Nariño,Nariño,2020,19,IRA,7,22000,31.82,442.8
52480,Nariño,Nariño,2020,19,EDA,0,22000,0.0,725.6
52001,Pasto,Nariño,2020,20,IRA,186,450000,41.33,629.2
52001,Pasto,Nariño,2020,20,EDA,29,450000,6.44,447.6
52683,Sandoná,Nariño,2020,20,IRA,6,30000,20.0,455.8
52683,Sandoná,Nariño,2020,20,EDA,1,30000,3.33,480.8
52207,Consacá,Nariño,2020,20,IRA,4,14000,28.57,347.3
52207,Consacá,Nariño,2020,20,EDA,0,14000,0.0,756.3
52299,La Florida,Nariño,2020,20,IRA,7,18000,38.89,292.7
52299,La Florida,Nariño,2020,20,EDA,0,18000,0.0,644.9
52885,Yacuanquer,Nariño,2020,20,IRA,4,13000,30.77,397.7
52885,Yacuanquer,Nariño,2020,20,EDA,0,13000,0.0,911.6
52480,Nariño,Nariño,2020,20,IRA,8,22000,36.36,757.5
52480,Nariño,Nariño,2020,20,EDA,1,22000,4.55,809.0
52001,Pasto,Nariño,2020,21,IRA,129,450000,28.67,245.5
52001,Pasto,Nariño,2020,21,EDA,24,450000,5.33,786.6
52683,Sandoná,Nariño,2020,21,IRA,12,30000,40.0,931.3
52683,Sandoná,Nariño,2020,21,EDA,1,30000,3.33,782.3
52207,Consacá,Nariño,2020,21,IRA,4,14000,28.57,677.9
52207,Consacá,Nariño,2020,21,EDA,0,14000,0.0,400.1
52299,La Florida,Nariño,2020,21,IRA,5,18000,27.78,262.3
52299,La Florida,Nariño,2020,21,EDA,0,18000,0.0,732.8
52885,Yacuanquer,Nariño,2020,21,IRA,3,13000,23.08,360.7
52885,Yacuanquer,Nariño,2020,21,EDA,0,13000,0.0,333.6
52480,Nariño,Nariño,2020,21,IRA,7,22000,31.82,260.8
52480,Nariño,Nariño,2020,21,EDA,1,22000,4.55,649.8
52001,Pasto,Nariño,2020,22,IRA,81,450000,18.0,693.1
52001,Pasto,Nariño,2020,22,EDA,21,450000,4.67,564.6
52683,Sandoná,Nariño,2020,22,IRA,5,30000,16.67,505.9
52683,Sandoná,Nariño,2020,22,EDA,1,30000,3.33,468.8
52207,Consacá,Nariño,2020,22,IRA,4,14000,28.57,505.9
52207,Consacá,Nariño,2020,22,EDA,1,14000,7.14,827.5
52299,La Florida,Nariño,2020,22,IRA,4,18000,22.22,294.9
52299,La Florida,Nariño,2020,22,EDA,0,18000,0.0,619.8
52885,Yacuanquer,Nariño,2020,22,IRA,5,13000,38.46,485.2
52885,Yacuanquer,Nariño,2020,22,EDA,0,13000,0.0,791.5
52480,Nariño,Nariño,2020,22,IRA,7,22000,31.82,772.3
52480,Nariño,Nariño,2020,22,EDA,2,22000,9.09,378.3
52001,Pasto,Nariño,2020,23,IRA,73,450000,16.22,337.7
52001,Pasto,Nariño,2020,23,EDA,23,450000,5.11,697.3
52683,Sandoná,Nariño,2020,23,IRA,8,30000,26.67,383.3
52683,Sandoná,Nariño,2020,23,EDA,2,30000,6.67,765.0
52207,Consacá,Nariño,2020,23,IRA,2,14000,14.29,654.0
52207,Consacá,Nariño,2020,23,EDA,1,14000,7.14,311.4
52299,La Florida,Nariño,2020,23,IRA,6,18000,33.33,902.6
52299,La Florida,Nariño,2020,23,EDA,0,18000,0.0,249.6
52885,Yacuanquer,Nariño,2020,23,IRA,2,13000,15.38,702.8
52885,Yacuanquer,Nariño,2020,23,EDA,1,13000,7.69,507.6
52480,Nariño,Nariño,2020,23,IRA,6,22000,27.27,284.6
52480,Nariño,Nariño,2020,23,EDA,1,22000,4.55,667.9
52001,Pasto,Nariño,2020,24,IRA,73,450000,16.22,751.5
52001,Pasto,Nariño,2020,24,EDA,46,450000,10.22,634.6
52683,Sandoná,Nariño,2020,24,IRA,5,30000,16.67,895.2
52683,Sandoná,Nariño,2020,24,EDA,2,30000,6.67,462.5
52207,Consacá,Nariño,2020,24,IRA,3,14000,21.43,478.4
52207,Consacá,Nariño,2020,24,EDA,1,14000,7.14,458.5
52299,La Florida,Nariño,2020,24,IRA,5,18000,27.78,785.4
52299,La Florida,Nariño,2020,24,EDA,0,18000,0.0,879.5
52885,Yacuanquer,Nariño,2020,24,IRA,3,13000,23.08,789.8
52885,Yacuanquer,Nariño,2020,24,EDA,1,13000,7.69,522.5
52480,Nariño,Nariño,2020,24,IRA,6,22000,27.27,882.7
52480,Nariño,Nariño,2020,24,EDA,1,22000,4.55,775.8
52001,Pasto,Nariño,2020,25,IRA,99,450000,22.0,541.7
52001,Pasto,Nariño,2020,25,EDA,37,450000,8.22,705.8
52683,Sandoná,Nariño,2020,25,IRA,5,30000,16.67,785.8
52683,Sandoná,Nariño,2020,25,EDA,3,30000,10.0,278.5
52207,Consacá,Nariño,2020,25,IRA,3,14000,21.43,382.8
52207,Consacá,Nariño,2020,25,EDA,1,14000,7.14,625.8
52299,La Florida,Nariño,2020,25,IRA,3,18000,16.67,240.1
52299,La Florida,Nariño,2020,25,EDA,2,18000,11.11,341.6
52885,Yacuanquer,Nariño,2020,25,IRA,2,13000,15.38,750.1
52885,Yacuanquer,Nariño,2020,25,EDA,0,13000,0.0,804.8
52480,Nariño,Nariño,2020,25,IRA,5,22000,22.73,404.2
52480,Nariño,Nariño,2020,25,EDA,1,22000,4.55,849.7
52001,Pasto,Nariño,2020,26,IRA,57,450000,12.67,680.5
52001,Pasto,Nariño,2020,26,EDA,42,450000,9.33,705.1
52683,Sandoná,Nariño,2020,26,IRA,6,30000,20.0,632.6
52683,Sandoná,Nariño,2020,26,EDA,2,30000,6.67,727.5
52207,Consacá,Nariño,2020,26,IRA,1,14000,7.14,358.5
52207,Consacá,Nariño,2020,26,EDA,1,14000,7.14,413.1
52299,La Florida,Nariño,2020,26,IRA,3,18000,16.67,521.0
52299,La Florida,Nariño,2020,26,EDA,1,18000,5.56,490.2
52885,Yacuanquer,Nariño,2020,26,IRA,2,13000,15.38,429.0
52885,Yacuanquer,Nariño,2020,26,EDA,1,13000,7.69,390.3
52480,Nariño,Nariño,2020,26,IRA,3,22000,13.64,293.3
52480,Nariño,Nariño,2020,26,EDA,1,22000,4.55,292.6
52001,Pasto,Nariño,2020,27,IRA,77,450000,17.11,688.4
52001,Pasto,Nariño,2020,27,EDA,35,450000,7.78,345.4
52683,Sandoná,Nariño,2020,27,IRA,4,30000,13.33,664.8
52683,Sandoná,Nariño,2020,27,EDA,4,30000,13.33,539.1
52207,Consacá,Nariño,2020,27,IRA,1,14000,7.14,272.6
52207,Consacá,Nariño,2020,27,EDA,1,14000,7.14,352.4
52299,La Florida,Nariño,2020,27,IRA,2,18000,11.11,218.3
52299,La Florida,Nariño,2020,27,EDA,1,18000,5.56,381.8
52885,Yacuanquer,Nariño,2020,27,IRA,3,13000,23.08,557.2
52885,Yacuanquer,Nariño,2020,27,EDA,1,13000,7.69,288.8
52480,Nariño,Nariño,2020,27,IRA,4,22000,18.18,517.9
52480,Nariño,Nariño,2020,27,EDA,2,22000,9.09,570.2
52001,Pasto,Nariño,2020,28,IRA,63,450000,14.0,472.4
52001,Pasto,Nariño,2020,28,EDA,38,450000,8.44,234.9
52683,Sandoná,Nariño,2020,28,IRA,5,30000,16.67,495.1
52683,Sandoná,Nariño,2020,28,EDA,4,30000,13.33,448.1
52207,Consacá,Nariño,2020,28,IRA,1,14000,7.14,587.8
52207,Consacá,Nariño,2020,28,EDA,1,14000,7.14,294.6
52299,La Florida,Nariño,2020,28,IRA,2,18000,11.11,389.0
52299,La Florida,Nariño,2020,28,EDA,2,18000,11.11,275.8
52885,Yacuanquer,Nariño,2020,28,IRA,2,13000,15.38,573.6
52885,Yacuanquer,Nariño,2020,28,EDA,1,13000,7.69,341.3
52480,Nariño,Nariño,2020,28,IRA,3,22000,13.64,478.5
52480,Nariño,Nariño,2020,28,EDA,2,22000,9.09,728.6
52001,Pasto,Nariño,2020,29,IRA,78,450000,17.33,378.4
52001,Pasto,Nariño,2020,29,EDA,61,450000,13.56,558.7
52683,Sandoná,Nariño,2020,29,IRA,4,30000,13.33,758.9
52683,Sandoná,Nariño,2020,29,EDA,2,30000,6.67,322.5
52207,Consacá,Nariño,2020,29,IRA,1,14000,7.14,290.6
52207,Consacá,Nariño,2020,29,EDA,1,14000,7.14,242.0
52299,La Florida,Nariño,2020,29,IRA,1,18000,5.56,464.4
52299,La Florida,Nariño,2020,29,EDA,2,18000,11.11,370.1
52885,Yacuanquer,Nariño,2020,29,IRA,1,13000,7.69,616.4
52885,Yacuanquer,Nariño,2020,29,EDA,1,13000,7.69,466.5
52480,Nariño,Nariño,2020,29,IRA,3,22000,13.64,744.9
52480,Nariño,Nariño,2020,29,EDA,3,22000,13.64,567.8
52001,Pasto,Nariño,2020,30,IRA,54,450000,12.0,728.0
52001,Pasto,Nariño,2020,30,EDA,56,450000,12.44,504.4
52683,Sandoná,Nariño,2020,30,IRA,3,30000,10.0,713.5
52683,Sandoná,Nariño,2020,30,EDA,5,30000,16.67,232.6
52207,Consacá,Nariño,2020,30,IRA,1,14000,7.14,368.3
52207,Consacá,Nariño,2020,30,EDA,2,14000,14.29,518.6
52299,La Florida,Nariño,2020,30,IRA,1,18000,5.56,263.0
52299,La Florida,Nariño,2020,30,EDA,2,18000,11.11,593.6
52885,Yacuanquer,Nariño,2020,30,IRA,1,13000,7.69,479.1
52885,Yacuanquer,Nariño,2020,30,EDA,1,13000,7.69,237.7
52480,Nariño,Nariño,2020,30,IRA,1,22000,4.55,439.8
52480,Nariño,Nariño,2020,30,EDA,2,22000,9.09,335.4
52001,Pasto,Nariño,2020,31,IRA,27,450000,6.0,721.3
52001,Pasto,Nariño,2020,31,EDA,81,450000,18.0,506.0
52683,Sandoná,Nariño,2020,31,IRA,3,30000,10.0,742.3
52683,Sandoná,Nariño,2020,31,EDA,4,30000,13.33,335.7
52207,Consacá,Nariño,2020,31,IRA,0,14000,0.0,606.8
52207,Consacá,Nariño,2020,31,EDA,1,14000,7.14,548.5
52299,La Florida,Nariño,2020,31,IRA,2,18000,11.11,286.7
52299,La Florida,Nariño,2020,31,EDA,2,18000,11.11,539.2
52885,Yacuanquer,Nariño,2020,31,IRA,1,13000,7.69,236.5
52885,Yacuanquer,Nariño,2020,31,EDA,1,13000,7.69,371.3
52480,Nariño,Nariño,2020,31,IRA,2,22000,9.09,663.3
52480,Nariño,Nariño,2020,31,EDA,2,22000,9.09,572.0
52001,Pasto,Nariño,2020,32,IRA,29,450000,6.44,690.0
52001,Pasto,Nariño,2020,32,EDA,85,450000,18.89,476.8
52683,Sandoná,Nariño,2020,32,IRA,2,30000,6.67,349.6
52683,Sandoná,Nariño,2020,32,EDA,3,30000,10.0,703.5
52207,Consacá,Nariño,2020,32,IRA,1,14000,7.14,457.6
52207,Consacá,Nariño,2020,32,EDA,2,14000,14.29,534.8
52299,La Florida,Nariño,2020,32,IRA,1,18000,5.56,402.9
52299,La Florida,Nariño,2020,32,EDA,2,18000,11.11,375.1
52885,Yacuanquer,Nariño,2020,32,IRA,1,13000,7.69,517.4
52885,Yacuanquer,Nariño,2020,32,EDA,2,13000,15.38,289.8
52480,Nariño,Nariño,2020,32,IRA,1,22000,4.55,680.5
52480,Nariño,Nariño,2020,32,EDA,3,22000,13.64,556.7
52001,Pasto,Nariño,2020,33,IRA,21,450000,4.67,683.4
52001,Pasto,Nariño,2020,33,EDA,79,450000,17.56,299.5
52683,Sandoná,Nariño,2020,33,IRA,1,30000,3.33,462.5
52683,Sandoná,Nariño,2020,33,EDA,5,30000,16.67,223.1
52207,Consacá,Nariño,2020,33,IRA,1,14000,7.14,651.9
52207,Consacá,Nariño,2020,33,EDA,2,14000,14.29,235.8
52299,La Florida,Nariño,2020,33,IRA,1,18000,5.56,435.0
52299,La Florida,Nariño,2020,33,EDA,3,18000,16.67,440.5
52885,Yacuanquer,Nariño,2020,33,IRA,0,13000,0.0,611.0
52885,Yacuanquer,Nariño,2020,33,EDA,2,13000,15.38,301.8
52480,Nariño,Nariño,2020,33,IRA,1,22000,4.55,375.0
52480,Nariño,Nariño,2020,33,EDA,4,22000,18.18,440.2
52001,Pasto,Nariño,2020,34,IRA,34,450000,7.56,607.3
52001,Pasto,Nariño,2020,34,EDA,62,450000,13.78,569.7
52683,Sandoná,Nariño,2020,34,IRA,1,30000,3.33,642.9
52683,Sandoná,Nariño,2020,34,EDA,5,30000,16.67,585.2
52207,Consacá,Nariño,2020,34,IRA,0,14000,0.0,320.5
52207,Consacá,Nariño,2020,34,EDA,2,14000,14.29,675.7
52299,La Florida,Nariño,2020,34,IRA,1,18000,5.56,244.4
52299,La Florida,Nariño,2020,34,EDA,3,18000,16.67,344.1
52885,Yacuanquer,Nariño,2020,34,IRA,0,13000,0.0,444.7
52885,Yacuanquer,Nariño,2020,34,EDA,2,13000,15.38,332.3
52480,Nariño,Nariño,2020,34,IRA,0,22000,0.0,522.8
52480,Nariño,Nariño,2020,34,EDA,3,22000,13.64,287.5
52001,Pasto,Nariño,2020,35,IRA,30,450000,6.67,185.6
52001,Pasto,Nariño,2020,35,EDA,96,450000,21.33,511.2
52683,Sandoná,Nariño,2020,35,IRA,2,30000,6.67,354.1
52683,Sandoná,Nariño,2020,35,EDA,6,30000,20.0,568.1
52207,Consacá,Nariño,2020,35,IRA,1,14000,7.14,407.9
52207,Consacá,Nariño,2020,35,EDA,1,14000,7.14,411.3
52299,La Florida,Nariño,2020,35,IRA,1,18000,5.56,592.2
52299,La Florida,Nariño,2020,35,EDA,4,18000,22.22,380.8
52885,Yacuanquer,Nariño,2020,35,IRA,0,13000,0.0,389.0
52885,Yacuanquer,Nariño,2020,35,EDA,2,13000,15.38,365.9
52480,Nariño,Nariño,2020,35,IRA,1,22000,4.55,240.1
52480,Nariño,Nariño,2020,35,EDA,3,22000,13.64,641.2
52001,Pasto,Nariño,2020,36,IRA,20,450000,4.44,490.9
52001,Pasto,Nariño,2020,36,EDA,93,450000,20.67,567.0
52683,Sandoná,Nariño,2020,36,IRA,2,30000,6.67,570.6
52683,Sandoná,Nariño,2020,36,EDA,5,30000,16.67,311.0
52207,Consacá,Nariño,2020,36,IRA,0,14000,0.0,522.8
52207,Consacá,Nariño,2020,36,EDA,3,14000,21.43,176.6
52299,La Florida,Nariño,2020,36,IRA,0,18000,0.0,461.4
52299,La Florida,Nariño,2020,36,EDA,4,18000,22.22,636.6
52885,Yacuanquer,Nariño,2020,36,IRA,0,13000,0.0,367.1
52885,Yacuanquer,Nariño,2020,36,EDA,1,13000,7.69,462.7
52480,Nariño,Nariño,2020,36,IRA,1,22000,4.55,371.7
52480,Nariño,Nariño,2020,36,EDA,4,22000,18.18,591.7
52001,Pasto,Nariño,2020,37,IRA,15,450000,3.33,526.1
52001,Pasto,Nariño,2020,37,EDA,72,450000,16.0,329.8
52683,Sandoná,Nariño,2020,37,IRA,1,30000,3.33,402.6
52683,Sandoná,Nariño,2020,37,EDA,6,30000,20.0,524.4
52207,Consacá,Nariño,2020,37,IRA,0,14000,0.0,192.0
52207,Consacá,Nariño,2020,37,EDA,3,14000,21.43,443.9
52299,La Florida,Nariño,2020,37,IRA,0,18000,0.0,580.4
52299,La Florida,Nariño,2020,37,EDA,2,18000,11.11,370.0
52885,Yacuanquer,Nariño,2020,37,IRA,0,13000,0.0,274.2
52885,Yacuanquer,Nariño,2020,37,EDA,1,13000,7.69,530.0
52480,Nariño,Nariño,2020,37,IRA,1,22000,4.55,470.9
52480,Nariño,Nariño,2020,37,EDA,3,22000,13.64,361.0
52001,Pasto,Nariño,2020,38,IRA,23,450000,5.11,418.5
52001,Pasto,Nariño,2020,38,EDA,99,450000,22.0,344.3
52683,Sandoná,Nariño,2020,38,IRA,1,30000,3.33,535.6
52683,Sandoná,Nariño,2020,38,EDA,4,30000,13.33,326.3
52207,Consacá,Nariño,2020,38,IRA,0,14000,0.0,259.3
52207,Consacá,Nariño,2020,38,EDA,2,14000,14.29,412.7
52299,La Florida,Nariño,2020,38,IRA,1,18000,5.56,285.7
52299,La Florida,Nariño,2020,38,EDA,4,18000,22.22,450.6
52885,Yacuanquer,Nariño,2020,38,IRA,0,13000,0.0,408.7
52885,Yacuanquer,Nariño,2020,38,EDA,2,13000,15.38,489.9
52480,Nariño,Nariño,2020,38,IRA,0,22000,0.0,427.1
52480,Nariño,Nariño,2020,38,EDA,4,22000,18.18,562.4
52001,Pasto,Nariño,2020,39,IRA,25,450000,5.56,503.4
52001,Pasto,Nariño,2020,39,EDA,99,450000,22.0,304.8
52683,Sandoná,Nariño,2020,39,IRA,2,30000,6.67,424.3
52683,Sandoná,Nariño,2020,39,EDA,6,30000,20.0,468.7
52207,Consacá,Nariño,2020,39,IRA,1,14000,7.14,520.9
52207,Consacá,Nariño,2020,39,EDA,3,14000,21.43,549.9
52299,La Florida,Nariño,2020,39,IRA,1,18000,5.56,285.6
52299,La Florida,Nariño,2020,39,EDA,3,18000,16.67,405.9
52885,Yacuanquer,Nariño,2020,39,IRA,1,13000,7.69,188.3
52885,Yacuanquer,Nariño,2020,39,EDA,2,13000,15.38,480.5
52480,Nariño,Nariño,2020,39,IRA,1,22000,4.55,207.0
52480,Nariño,Nariño,2020,39,EDA,4,22000,18.18,580.1
52001,Pasto,Nariño,2020,40,IRA,35,450000,7.78,544.0
52001,Pasto,Nariño,2020,40,EDA,118,450000,26.22,257.6
52683,Sandoná,Nariño,2020,40,IRA,2,30000,6.67,355.7
52683,Sandoná,Nariño,2020,40,EDA,7,30000,23.33,471.2
52207,Consacá,Nariño,2020,40,IRA,0,14000,0.0,195.7
52207,Consacá,Nariño,2020,40,EDA,3,14000,21.43,206.9
52299,La Florida,Nariño,2020,40,IRA,1,18000,5.56,520.7
52299,La Florida,Nariño,2020,40,EDA,4,18000,22.22,573.0
52885,Yacuanquer,Nariño,2020,40,IRA,1,13000,7.69,496.5
52885,Yacuanquer,Nariño,2020,40,EDA,2,13000,15.38,490.4
52480,Nariño,Nariño,2020,40,IRA,1,22000,4.55,379.6
52480,Nariño,Nariño,2020,40,EDA,4,22000,18.18,439.0
52001,Pasto,Nariño,2020,41,IRA,46,450000,10.22,394.4
52001,Pasto,Nariño,2020,41,EDA,119,450000,26.44,547.2
52683,Sandoná,Nariño,2020,41,IRA,1,30000,3.33,243.7
52683,Sandoná,Nariño,2020,41,EDA,3,30000,10.0,523.1
52207,Consacá,Nariño,2020,41,IRA,1,14000,7.14,536.5
52207,Consacá,Nariño,2020,41,EDA,2,14000,14.29,170.4
52299,La Florida,Nariño,2020,41,IRA,2,18000,11.11,533.9
52299,La Florida,Nariño,2020,41,EDA,3,18000,16.67,318.6
52885,Yacuanquer,Nariño,2020,41,IRA,0,13000,0.0,549.8
52885,Yacuanquer,Nariño,2020,41,EDA,2,13000,15.38,354.9
52480,Nariño,Nariño,2020,41,IRA,1,22000,4.55,524.4
52480,Nariño,Nariño,2020,41,EDA,3,22000,13.64,338.1
52001,Pasto,Nariño,2020,42,IRA,54,450000,12.0,457.2
52001,Pasto,Nariño,2020,42,EDA,129,450000,28.67,319.6
52683,Sandoná,Nariño,2020,42,IRA,3,30000,10.0,207.2
52683,Sandoná,Nariño,2020,42,EDA,5,30000,16.67,183.6
52207,Consacá,Nariño,2020,42,IRA,1,14000,7.14,314.9
52207,Consacá,Nariño,2020,42,EDA,4,14000,28.57,155.5
52299,La Florida,Nariño,2020,42,IRA,1,18000,5.56,329.9
52299,La Florida,Nariño,2020,42,EDA,5,18000,27.78,504.9
52885,Yacuanquer,Nariño,2020,42,IRA,0,13000,0.0,432.8
52885,Yacuanquer,Nariño,2020,42,EDA,2,13000,15.38,556.9
52480,Nariño,Nariño,2020,42,IRA,2,22000,9.09,310.7
52480,Nariño,Nariño,2020,42,EDA,3,22000,13.64,193.4
52001,Pasto,Nariño,2020,43,IRA,72,450000,16.0,332.2
52001,Pasto,Nariño,2020,43,EDA,108,450000,24.0,411.0
52683,Sandoná,Nariño,2020,43,IRA,4,30000,13.33,149.5
52683,Sandoná,Nariño,2020,43,EDA,7,30000,23.33,243.2
52207,Consacá,Nariño,2020,43,IRA,1,14000,7.14,378.5
52207,Consacá,Nariño,2020,43,EDA,1,14000,7.14,463.0
52299,La Florida,Nariño,2020,43,IRA,1,18000,5.56,231.5
52299,La Florida,Nariño,2020,43,EDA,4,18000,22.22,279.0
52885,Yacuanquer,Nariño,2020,43,IRA,1,13000,7.69,520.1
52885,Yacuanquer,Nariño,2020,43,EDA,1,13000,7.69,502.3
52480,Nariño,Nariño,2020,43,IRA,1,22000,4.55,195.3
52480,Nariño,Nariño,2020,43,EDA,3,22000,13.64,214.0
52001,Pasto,Nariño,2020,44,IRA,73,450000,16.22,150.9
52001,Pasto,Nariño,2020,44,EDA,58,450000,12.89,471.9
52683,Sandoná,Nariño,2020,44,IRA,3,30000,10.0,276.0
52683,Sandoná,Nariño,2020,44,EDA,4,30000,13.33,162.0
52207,Consacá,Nariño,2020,44,IRA,2,14000,14.29,361.0
52207,Consacá,Nariño,2020,44,EDA,3,14000,21.43,340.1
52299,La Florida,Nariño,2020,44,IRA,3,18000,16.67,355.6
52299,La Florida,Nariño,2020,44,EDA,2,18000,11.11,351.7
52885,Yacuanquer,Nariño,2020,44,IRA,2,13000,15.38,158.2
52885,Yacuanquer,Nariño,2020,44,EDA,3,13000,23.08,504.2
52480,Nariño,Nariño,2020,44,IRA,3,22000,13.64,332.4
52480,Nariño,Nariño,2020,44,EDA,6,22000,27.27,165.6
52001,Pasto,Nariño,2020,45,IRA,74,450000,16.44,309.0
52001,Pasto,Nariño,2020,45,EDA,109,450000,24.22,346.3
52683,Sandoná,Nariño,2020,45,IRA,6,30000,20.0,171.1
52683,Sandoná,Nariño,2020,45,EDA,4,30000,13.33,395.9
52207,Consacá,Nariño,2020,45,IRA,1,14000,7.14,255.8
52207,Consacá,Nariño,2020,45,EDA,3,14000,21.43,370.7
52299,La Florida,Nariño,2020,45,IRA,2,18000,11.11,558.3
52299,La Florida,Nariño,2020,45,EDA,3,18000,16.67,330.9
52885,Yacuanquer,Nariño,2020,45,IRA,2,13000,15.38,181.9
52885,Yacuanquer,Nariño,2020,45,EDA,3,13000,23.08,498.7
52480,Nariño,Nariño,2020,45,IRA,4,22000,18.18,463.5
52480,Nariño,Nariño,2020,45,EDA,5,22000,22.73,230.6
52001,Pasto,Nariño,2020,46,IRA,82,450000,18.22,237.4
52001,Pasto,Nariño,2020,46,EDA,81,450000,18.0,332.5
52683,Sandoná,Nariño,2020,46,IRA,5,30000,16.67,181.1
52683,Sandoná,Nariño,2020,46,EDA,5,30000,16.67,422.0
52207,Consacá,Nariño,2020,46,IRA,2,14000,14.29,205.4
52207,Consacá,Nariño,2020,46,EDA,3,14000,21.43,169.2
52299,La Florida,Nariño,2020,46,IRA,4,18000,22.22,180.3
52299,La Florida,Nariño,2020,46,EDA,2,18000,11.11,453.1
52885,Yacuanquer,Nariño,2020,46,IRA,3,13000,23.08,376.0
52885,Yacuanquer,Nariño,2020,46,EDA,2,13000,15.38,378.2
52480,Nariño,Nariño,2020,46,IRA,3,22000,13.64,192.5
52480,Nariño,Nariño,2020,46,EDA,4,22000,18.18,422.1
52001,Pasto,Nariño,2020,47,IRA,116,450000,25.78,512.5
52001,Pasto,Nariño,2020,47,EDA,108,450000,24.0,555.3
52683,Sandoná,Nariño,2020,47,IRA,6,30000,20.0,292.2
52683,Sandoná,Nariño,2020,47,EDA,6,30000,20.0,232.9
52207,Consacá,Nariño,2020,47,IRA,3,14000,21.43,237.8
52207,Consacá,Nariño,2020,47,EDA,1,14000,7.14,502.8
52299,La Florida,Nariño,2020,47,IRA,3,18000,16.67,467.5
52299,La Florida,Nariño,2020,47,EDA,3,18000,16.67,486.5
52885,Yacuanquer,Nariño,2020,47,IRA,3,13000,23.08,557.9
52885,Yacuanquer,Nariño,2020,47,EDA,3,13000,23.08,403.9
52480,Nariño,Nariño,2020,47,IRA,5,22000,22.73,153.4
52480,Nariño,Nariño,2020,47,EDA,6,22000,27.27,496.0
52001,Pasto,Nariño,2020,48,IRA,88,450000,19.56,222.1
52001,Pasto,Nariño,2020,48,EDA,104,450000,23.11,277.6
52683,Sandoná,Nariño,2020,48,IRA,6,30000,20.0,146.7
52683,Sandoná,Nariño,2020,48,EDA,7,30000,23.33,388.9
52207,Consacá,Nariño,2020,48,IRA,3,14000,21.43,205.4
52207,Consacá,Nariño,2020,48,EDA,3,14000,21.43,157.3
52299,La Florida,Nariño,2020,48,IRA,5,18000,27.78,237.1
52299,La Florida,Nariño,2020,48,EDA,3,18000,16.67,291.4
52885,Yacuanquer,Nariño,2020,48,IRA,2,13000,15.38,456.0
52885,Yacuanquer,Nariño,2020,48,EDA,3,13000,23.08,389.4
52480,Nariño,Nariño,2020,48,IRA,3,22000,13.64,166.8
52480,Nariño,Nariño,2020,48,EDA,3,22000,13.64,411.1
52001,Pasto,Nariño,2020,49,IRA,136,450000,30.22,266.1
52001,Pasto,Nariño,2020,49,EDA,98,450000,21.78,360.0
52683,Sandoná,Nariño,2020,49,IRA,7,30000,23.33,266.6
52683,Sandoná,Nariño,2020,49,EDA,6,30000,20.0,196.6
52207,Consacá,Nariño,2020,49,IRA,3,14000,21.43,271.0
52207,Consacá,Nariño,2020,49,EDA,3,14000,21.43,360.5
52299,La Florida,Nariño,2020,49,IRA,5,18000,27.78,166.5
52299,La Florida,Nariño,2020,49,EDA,3,18000,16.67,410.0
52885,Yacuanquer,Nariño,2020,49,IRA,2,13000,15.38,279.0
52885,Yacuanquer,Nariño,2020,49,EDA,1,13000,7.69,206.9
52480,Nariño,Nariño,2020,49,IRA,4,22000,18.18,290.8
52480,Nariño,Nariño,2020,49,EDA,2,22000,9.09,474.9
52001,Pasto,Nariño,2020,50,IRA,97,450000,21.56,320.1
52001,Pasto,Nariño,2020,50,EDA,97,450000,21.56,373.9
52683,Sandoná,Nariño,2020,50,IRA,11,30000,36.67,511.1
52683,Sandoná,Nariño,2020,50,EDA,3,30000,10.0,536.1
52207,Consacá,Nariño,2020,50,IRA,2,14000,14.29,157.9
52207,Consacá,Nariño,2020,50,EDA,3,14000,21.43,536.2
52299,La Florida,Nariño,2020,50,IRA,5,18000,27.78,406.7
52299,La Florida,Nariño,2020,50,EDA,3,18000,16.67,336.9
52885,Yacuanquer,Nariño,2020,50,IRA,2,13000,15.38,158.9
52885,Yacuanquer,Nariño,2020,50,EDA,2,13000,15.38,508.9
52480,Nariño,Nariño,2020,50,IRA,7,22000,31.82,522.7
52480,Nariño,Nariño,2020,50,EDA,5,22000,22.73,189.0
52001,Pasto,Nariño,2020,51,IRA,182,450000,40.44,264.7
52001,Pasto,Nariño,2020,51,EDA,86,450000,19.11,393.5
52683,Sandoná,Nariño,2020,51,IRA,8,30000,26.67,295.4
52683,Sandoná,Nariño,2020,51,EDA,4,30000,13.33,305.9
52207,Consacá,Nariño,2020,51,IRA,3,14000,21.43,387.3
52207,Consacá,Nariño,2020,51,EDA,1,14000,7.14,387.1
52299,La Florida,Nariño,2020,51,IRA,7,18000,38.89,313.4
52299,La Florida,Nariño,2020,51,EDA,3,18000,16.67,528.9
52885,Yacuanquer,Nariño,2020,51,IRA,5,13000,38.46,261.5
52885,Yacuanquer,Nariño,2020,51,EDA,1,13000,7.69,243.6
52480,Nariño,Nariño,2020,51,IRA,7,22000,31.82,502.0
52480,Nariño,Nariño,2020,51,EDA,4,22000,18.18,234.3
52001,Pasto,Nariño,2020,52,IRA,187,450000,41.56,389.6
52001,Pasto,Nariño,2020,52,EDA,92,450000,20.44,514.8
52683,Sandoná,Nariño,2020,52,IRA,9,30000,30.0,592.1
52683,Sandoná,Nariño,2020,52,EDA,5,30000,16.67,456.1
52207,Consacá,Nariño,2020,52,IRA,5,14000,35.71,563.9
52207,Consacá,Nariño,2020,52,EDA,2,14000,14.29,228.0
52299,La Florida,Nariño,2020,52,IRA,4,18000,22.22,365.2
52299,La Florida,Nariño,2020,52,EDA,2,18000,11.11,286.3
52885,Yacuanquer,Nariño,2020,52,IRA,2,13000,15.38,395.9
52885,Yacuanquer,Nariño,2020,52,EDA,1,13000,7.69,369.8
52480,Nariño,Nariño,2020,52,IRA,4,22000,18.18,548.6
52480,Nariño,Nariño,2020,52,EDA,2,22000,9.09,563.9
52001,Pasto,Nariño,2021,1,IRA,211,450000,46.89,719.8
52001,Pasto,Nariño,2021,1,EDA,73,450000,16.22,604.2
52683,Sandoná,Nariño,2021,1,IRA,11,30000,36.67,854.0
52683,Sandoná,Nariño,2021,1,EDA,6,30000,20.0,594.4
52207,Consacá,Nariño,2021,1,IRA,6,14000,42.86,747.8
52207,Consacá,Nariño,2021,1,EDA,1,14000,7.14,614.0
52299,La Florida,Nariño,2021,1,IRA,4,18000,22.22,300.0
52299,La Florida,Nariño,2021,1,EDA,1,18000,5.56,935.5
52885,Yacuanquer,Nariño,2021,1,IRA,4,13000,30.77,795.2
52885,Yacuanquer,Nariño,2021,1,EDA,2,13000,15.38,384.0
52480,Nariño,Nariño,2021,1,IRA,6,22000,27.27,585.3
52480,Nariño,Nariño,2021,1,EDA,3,22000,13.64,649.8
52001,Pasto,Nariño,2021,2,IRA,126,450000,28.0,541.4
52001,Pasto,Nariño,2021,2,EDA,56,450000,12.44,568.9
52683,Sandoná,Nariño,2021,2,IRA,10,30000,33.33,713.9
52683,Sandoná,Nariño,2021,2,EDA,5,30000,16.67,751.8
52207,Consacá,Nariño,2021,2,IRA,3,14000,21.43,328.0
52207,Consacá,Nariño,2021,2,EDA,2,14000,14.29,473.4
52299,La Florida,Nariño,2021,2,IRA,8,18000,44.44,758.9
52299,La Florida,Nariño,2021,2,EDA,3,18000,16.67,925.1
52885,Yacuanquer,Nariño,2021,2,IRA,4,13000,30.77,702.3
52885,Yacuanquer,Nariño,2021,2,EDA,1,13000,7.69,523.7
52480,Nariño,Nariño,2021,2,IRA,11,22000,50.0,791.0
52480,Nariño,Nariño,2021,2,EDA,3,22000,13.64,711.7
52001,Pasto,Nariño,2021,3,IRA,248,450000,55.11,496.7
52001,Pasto,Nariño,2021,3,EDA,57,450000,12.67,869.2
52683,Sandoná,Nariño,2021,3,IRA,15,30000,50.0,775.3
52683,Sandoná,Nariño,2021,3,EDA,5,30000,16.67,828.3
52207,Consacá,Nariño,2021,3,IRA,6,14000,42.86,664.2
52207,Consacá,Nariño,2021,3,EDA,2,14000,14.29,584.7
52299,La Florida,Nariño,2021,3,IRA,6,18000,33.33,537.7
52299,La Florida,Nariño,2021,3,EDA,1,18000,5.56,423.0
52885,Yacuanquer,Nariño,2021,3,IRA,7,13000,53.85,633.2
52885,Yacuanquer,Nariño,2021,3,EDA,1,13000,7.69,363.8
52480,Nariño,Nariño,2021,3,IRA,5,22000,22.73,910.0
52480,Nariño,Nariño,2021,3,EDA,2,22000,9.09,853.1
52001,Pasto,Nariño,2021,4,IRA,243,450000,54.0,945.4
52001,Pasto,Nariño,2021,4,EDA,37,450000,8.22,520.6
52683,Sandoná,Nariño,2021,4,IRA,15,30000,50.0,360.8
52683,Sandoná,Nariño,2021,4,EDA,3,30000,10.0,385.0
52207,Consacá,Nariño,2021,4,IRA,7,14000,50.0,858.0
52207,Consacá,Nariño,2021,4,EDA,2,14000,14.29,387.5
52299,La Florida,Nariño,2021,4,IRA,7,18000,38.89,578.1
52299,La Florida,Nariño,2021,4,EDA,2,18000,11.11,443.5
52885,Yacuanquer,Nariño,2021,4,IRA,5,13000,38.46,480.3
52885,Yacuanquer,Nariño,2021,4,EDA,2,13000,15.38,607.7
52480,Nariño,Nariño,2021,4,IRA,9,22000,40.91,499.4
52480,Nariño,Nariño,2021,4,EDA,3,22000,13.64,623.3
52001,Pasto,Nariño,2021,5,IRA,252,450000,56.0,546.4
52001,Pasto,Nariño,2021,5,EDA,75,450000,16.67,1027.0
52683,Sandoná,Nariño,2021,5,IRA,12,30000,40.0,479.4
52683,Sandoná,Nariño,2021,5,EDA,3,30000,10.0,670.8
52207,Consacá,Nariño,2021,5,IRA,8,14000,57.14,896.4
52207,Consacá,Nariño,2021,5,EDA,2,14000,14.29,367.6
52299,La Florida,Nariño,2021,5,IRA,6,18000,33.33,759.4
52299,La Florida,Nariño,2021,5,EDA,2,18000,11.11,691.9
52885,Yacuanquer,Nariño,2021,5,IRA,3,13000,23.08,919.0
52885,Yacuanquer,Nariño,2021,5,EDA,2,13000,15.38,481.9
52480,Nariño,Nariño,2021,5,IRA,11,22000,50.0,472.4
52480,Nariño,Nariño,2021,5,EDA,3,22000,13.64,374.6
52001,Pasto,Nariño,2021,6,IRA,194,450000,43.11,998.2
52001,Pasto,Nariño,2021,6,EDA,39,450000,8.67,611.9
52683,Sandoná,Nariño,2021,6,IRA,12,30000,40.0,280.8
52683,Sandoná,Nariño,2021,6,EDA,2,30000,6.67,651.6
52207,Consacá,Nariño,2021,6,IRA,5,14000,35.71,1035.7
52207,Consacá,Nariño,2021,6,EDA,1,14000,7.14,282.0
52299,La Florida,Nariño,2021,6,IRA,11,18000,61.11,914.5
52299,La Florida,Nariño,2021,6,EDA,2,18000,11.11,877.3
52885,Yacuanquer,Nariño,2021,6,IRA,4,13000,30.77,483.8
52885,Yacuanquer,Nariño,2021,6,EDA,1,13000,7.69,802.9
52480,Nariño,Nariño,2021,6,IRA,7,22000,31.82,810.3
52480,Nariño,Nariño,2021,6,EDA,2,22000,9.09,264.1
52001,Pasto,Nariño,2021,7,IRA,139,450000,30.89,459.0
52001,Pasto,Nariño,2021,7,EDA,59,450000,13.11,687.1
52683,Sandoná,Nariño,2021,7,IRA,16,30000,53.33,670.7
52683,Sandoná,Nariño,2021,7,EDA,2,30000,6.67,484.0
52207,Consacá,Nariño,2021,7,IRA,5,14000,35.71,296.8
52207,Consacá,Nariño,2021,7,EDA,1,14000,7.14,878.0
52299,La Florida,Nariño,2021,7,IRA,8,18000,44.44,346.0
52299,La Florida,Nariño,2021,7,EDA,2,18000,11.11,724.4
52885,Yacuanquer,Nariño,2021,7,IRA,3,13000,23.08,661.0
52885,Yacuanquer,Nariño,2021,7,EDA,1,13000,7.69,371.4
52480,Nariño,Nariño,2021,7,IRA,9,22000,40.91,738.5
52480,Nariño,Nariño,2021,7,EDA,1,22000,4.55,584.1
52001,Pasto,Nariño,2021,8,IRA,241,450000,53.56,325.1
52001,Pasto,Nariño,2021,8,EDA,59,450000,13.11,311.2
52683,Sandoná,Nariño,2021,8,IRA,14,30000,46.67,652.3
52683,Sandoná,Nariño,2021,8,EDA,4,30000,13.33,688.6
52207,Consacá,Nariño,2021,8,IRA,6,14000,42.86,623.5
52207,Consacá,Nariño,2021,8,EDA,1,14000,7.14,1019.9
52299,La Florida,Nariño,2021,8,IRA,6,18000,33.33,271.3
52299,La Florida,Nariño,2021,8,EDA,2,18000,11.11,526.2
52885,Yacuanquer,Nariño,2021,8,IRA,7,13000,53.85,746.1
52885,Yacuanquer,Nariño,2021,8,EDA,1,13000,7.69,829.1
52480,Nariño,Nariño,2021,8,IRA,9,22000,40.91,293.1
52480,Nariño,Nariño,2021,8,EDA,2,22000,9.09,889.9
52001,Pasto,Nariño,2021,9,IRA,159,450000,35.33,858.0
52001,Pasto,Nariño,2021,9,EDA,38,450000,8.44,793.4
52683,Sandoná,Nariño,2021,9,IRA,15,30000,50.0,883.0
52683,Sandoná,Nariño,2021,9,EDA,1,30000,3.33,855.8
52207,Consacá,Nariño,2021,9,IRA,6,14000,42.86,483.4
52207,Consacá,Nariño,2021,9,EDA,0,14000,0.0,410.9
52299,La Florida,Nariño,2021,9,IRA,5,18000,27.78,977.0
52299,La Florida,Nariño,2021,9,EDA,1,18000,5.56,1020.0
52885,Yacuanquer,Nariño,2021,9,IRA,6,13000,46.15,452.5
52885,Yacuanquer,Nariño,2021,9,EDA,1,13000,7.69,404.5
52480,Nariño,Nariño,2021,9,IRA,9,22000,40.91,859.3
52480,Nariño,Nariño,2021,9,EDA,2,22000,9.09,513.1
52001,Pasto,Nariño,2021,10,IRA,151,450000,33.56,536.5
52001,Pasto,Nariño,2021,10,EDA,47,450000,10.44,823.5
52683,Sandoná,Nariño,2021,10,IRA,18,30000,60.0,550.7
52683,Sandoná,Nariño,2021,10,EDA,3,30000,10.0,634.5
52207,Consacá,Nariño,2021,10,IRA,6,14000,42.86,962.0
52207,Consacá,Nariño,2021,10,EDA,1,14000,7.14,867.8
52299,La Florida,Nariño,2021,10,IRA,10,18000,55.56,315.3
52299,La Florida,Nariño,2021,10,EDA,1,18000,5.56,884.0
52885,Yacuanquer,Nariño,2021,10,IRA,6,13000,46.15,500.7
52885,Yacuanquer,Nariño,2021,10,EDA,0,13000,0.0,760.5
52480,Nariño,Nariño,2021,10,IRA,8,22000,36.36,715.9
52480,Nariño,Nariño,2021,10,EDA,1,22000,4.55,782.6
52001,Pasto,Nariño,2021,11,IRA,189,450000,42.0,284.3
52001,Pasto,Nariño,2021,11,EDA,42,450000,9.33,519.1
52683,Sandoná,Nariño,2021,11,IRA,20,30000,66.67,460.1
52683,Sandoná,Nariño,2021,11,EDA,3,30000,10.0,969.7
52207,Consacá,Nariño,2021,11,IRA,4,14000,28.57,734.8
52207,Consacá,Nariño,2021,11,EDA,0,14000,0.0,858.6
52299,La Florida,Nariño,2021,11,IRA,9,18000,50.0,973.4
52299,La Florida,Nariño,2021,11,EDA,0,18000,0.0,712.1
52885,Yacuanquer,Nariño,2021,11,IRA,7,13000,53.85,278.6
52885,Yacuanquer,Nariño,2021,11,EDA,0,13000,0.0,841.5
52480,Nariño,Nariño,2021,11,IRA,9,22000,40.91,542.1
52480,Nariño,Nariño,2021,11,EDA,1,22000,4.55,710.3
52001,Pasto,Nariño,2021,12,IRA,243,450000,54.0,958.1
52001,Pasto,Nariño,2021,12,EDA,27,450000,6.0,819.3
52683,Sandoná,Nariño,2021,12,IRA,15,30000,50.0,644.7
52683,Sandoná,Nariño,2021,12,EDA,1,30000,3.33,734.5
52207,Consacá,Nariño,2021,12,IRA,5,14000,35.71,333.9
52207,Consacá,Nariño,2021,12,EDA,1,14000,7.14,622.0
52299,La Florida,Nariño,2021,12,IRA,7,18000,38.89,668.8
52299,La Florida,Nariño,2021,12,EDA,0,18000,0.0,443.6
52885,Yacuanquer,Nariño,2021,12,IRA,5,13000,38.46,993.7
52885,Yacuanquer,Nariño,2021,12,EDA,0,13000,0.0,934.0
52480,Nariño,Nariño,2021,12,IRA,10,22000,45.45,340.7
52480,Nariño,Nariño,2021,12,EDA,1,22000,4.55,586.9
52001,Pasto,Nariño,2021,13,IRA,276,450000,61.33,573.1
52001,Pasto,Nariño,2021,13,EDA,18,450000,4.0,747.4
52683,Sandoná,Nariño,2021,13,IRA,17,30000,56.67,480.7
52683,Sandoná,Nariño,2021,13,EDA,1,30000,3.33,293.2
52207,Consacá,Nariño,2021,13,IRA,6,14000,42.86,901.6
52207,Consacá,Nariño,2021,13,EDA,1,14000,7.14,769.4
52299,La Florida,Nariño,2021,13,IRA,11,18000,61.11,714.9
52299,La Florida,Nariño,2021,13,EDA,1,18000,5.56,620.0
52885,Yacuanquer,Nariño,2021,13,IRA,4,13000,30.77,393.4
52885,Yacuanquer,Nariño,2021,13,EDA,0,13000,0.0,827.3
52480,Nariño,Nariño,2021,13,IRA,6,22000,27.27,653.3
52480,Nariño,Nariño,2021,13,EDA,1,22000,4.55,837.1
52001,Pasto,Nariño,2021,14,IRA,213,450000,47.33,684.2
52001,Pasto,Nariño,2021,14,EDA,17,450000,3.78,465.1
52683,Sandoná,Nariño,2021,14,IRA,19,30000,63.33,761.6
52683,Sandoná,Nariño,2021,14,EDA,1,30000,3.33,798.0
52207,Consacá,Nariño,2021,14,IRA,8,14000,57.14,294.6
52207,Consacá,Nariño,2021,14,EDA,1,14000,7.14,706.2
52299,La Florida,Nariño,2021,14,IRA,7,18000,38.89,733.5
52299,La Florida,Nariño,2021,14,EDA,0,18000,0.0,876.7
52885,Yacuanquer,Nariño,2021,14,IRA,7,13000,53.85,704.3
52885,Yacuanquer,Nariño,2021,14,EDA,0,13000,0.0,940.6
52480,Nariño,Nariño,2021,14,IRA,9,22000,40.91,900.4
52480,Nariño,Nariño,2021,14,EDA,0,22000,0.0,331.1
52001,Pasto,Nariño,2021,15,IRA,143,450000,31.78,353.6
52001,Pasto,Nariño,2021,15,EDA,21,450000,4.67,740.4
52683,Sandoná,Nariño,2021,15,IRA,11,30000,36.67,904.9
52683,Sandoná,Nariño,2021,15,EDA,2,30000,6.67,837.4
52207,Consacá,Nariño,2021,15,IRA,4,14000,28.57,687.7
52207,Consacá,Nariño,2021,15,EDA,0,14000,0.0,325.6
52299,La Florida,Nariño,2021,15,IRA,6,18000,33.33,615.5
52299,La Florida,Nariño,2021,15,EDA,1,18000,5.56,356.5
52885,Yacuanquer,Nariño,2021,15,IRA,7,13000,53.85,346.2
52885,Yacuanquer,Nariño,2021,15,EDA,0,13000,0.0,748.4
52480,Nariño,Nariño,2021,15,IRA,10,22000,45.45,835.0
52480,Nariño,Nariño,2021,15,EDA,1,22000,4.55,822.7
52001,Pasto,Nariño,2021,16,IRA,119,450000,26.44,263.4
52001,Pasto,Nariño,2021,16,EDA,27,450000,6.0,632.8
52683,Sandoná,Nariño,2021,16,IRA,14,30000,46.67,765.1
52683,Sandoná,Nariño,2021,16,EDA,1,30000,3.33,676.1
52207,Consacá,Nariño,2021,16,IRA,5,14000,35.71,667.9
52207,Consacá,Nariño,2021,16,EDA,0,14000,0.0,897.0
52299,La Florida,Nariño,2021,16,IRA,7,18000,38.89,791.3
52299,La Florida,Nariño,2021,16,EDA,1,18000,5.56,438.6
52885,Yacuanquer,Nariño,2021,16,IRA,3,13000,23.08,273.4
52885,Yacuanquer,Nariño,2021,16,EDA,0,13000,0.0,568.5
52480,Nariño,Nariño,2021,16,IRA,7,22000,31.82,653.6
52480,Nariño,Nariño,2021,16,EDA,1,22000,4.55,731.3
52001,Pasto,Nariño,2021,17,IRA,218,450000,48.44,811.6
52001,Pasto,Nariño,2021,17,EDA,33,450000,7.33,315.4
52683,Sandoná,Nariño,2021,17,IRA,10,30000,33.33,608.3
52683,Sandoná,Nariño,2021,17,EDA,1,30000,3.33,543.6
52207,Consacá,Nariño,2021,17,IRA,4,14000,28.57,395.0
52207,Consacá,Nariño,2021,17,EDA,0,14000,0.0,423.8
52299,La Florida,Nariño,2021,17,IRA,6,18000,33.33,644.8
52299,La Florida,Nariño,2021,17,EDA,0,18000,0.0,814.6
52885,Yacuanquer,Nariño,2021,17,IRA,3,13000,23.08,449.1
52885,Yacuanquer,Nariño,2021,17,EDA,0,13000,0.0,439.1
52480,Nariño,Nariño,2021,17,IRA,10,22000,45.45,565.2
52480,Nariño,Nariño,2021,17,EDA,1,22000,4.55,565.5
52001,Pasto,Nariño,2021,18,IRA,147,450000,32.67,236.4
52001,Pasto,Nariño,2021,18,EDA,32,450000,7.11,556.2
52683,Sandoná,Nariño,2021,18,IRA,15,30000,50.0,363.7
52683,Sandoná,Nariño,2021,18,EDA,1,30000,3.33,254.6
52207,Consacá,Nariño,2021,18,IRA,5,14000,35.71,806.1
52207,Consacá,Nariño,2021,18,EDA,0,14000,0.0,533.1
52299,La Florida,Nariño,2021,18,IRA,7,18000,38.89,782.8
52299,La Florida,Nariño,2021,18,EDA,0,18000,0.0,806.2
52885,Yacuanquer,Nariño,2021,18,IRA,5,13000,38.46,727.6
52885,Yacuanquer,Nariño,2021,18,EDA,0,13000,0.0,486.7
52480,Nariño,Nariño,2021,18,IRA,9,22000,40.91,350.1
52480,Nariño,Nariño,2021,18,EDA,1,22000,4.55,269.8
52001,Pasto,Nariño,2021,19,IRA,165,450000,36.67,709.1
52001,Pasto,Nariño,2021,19,EDA,20,450000,4.44,854.3
52683,Sandoná,Nariño,2021,19,IRA,12,30000,40.0,292.1
52683,Sandoná,Nariño,2021,19,EDA,2,30000,6.67,469.8
52207,Consacá,Nariño,2021,19,IRA,6,14000,42.86,434.4
52207,Consacá,Nariño,2021,19,EDA,1,14000,7.14,703.0
52299,La Florida,Nariño,2021,19,IRA,4,18000,22.22,544.2
52299,La Florida,Nariño,2021,19,EDA,1,18000,5.56,244.6
52885,Yacuanquer,Nariño,2021,19,IRA,3,13000,23.08,430.5
52885,Yacuanquer,Nariño,2021,19,EDA,0,13000,0.0,510.5
52480,Nariño,Nariño,2021,19,IRA,8,22000,36.36,548.3
52480,Nariño,Nariño,2021,19,EDA,1,22000,4.55,611.4
52001,Pasto,Nariño,2021,20,IRA,112,450000,24.89,831.9
52001,Pasto,Nariño,2021,20,EDA,31,450000,6.89,397.5
52683,Sandoná,Nariño,2021,20,IRA,8,30000,26.67,729.9
52683,Sandoná,Nariño,2021,20,EDA,1,30000,3.33,654.8
52207,Consacá,Nariño,2021,20,IRA,4,14000,28.57,722.1
52207,Consacá,Nariño,2021,20,EDA,0,14000,0.0,632.9
52299,La Florida,Nariño,2021,20,IRA,8,18000,44.44,576.2
52299,La Florida,Nariño,2021,20,EDA,1,18000,5.56,665.2
52885,Yacuanquer,Nariño,2021,20,IRA,5,13000,38.46,226.2
52885,Yacuanquer,Nariño,2021,20,EDA,0,13000,0.0,817.1
52480,Nariño,Nariño,2021,20,IRA,9,22000,40.91,697.2
52480,Nariño,Nariño,2021,20,EDA,1,22000,4.55,662.8
52001,Pasto,Nariño,2021,21,IRA,152,450000,33.78,307.6
52001,Pasto,Nariño,2021,21,EDA,31,450000,6.89,581.8
52683,Sandoná,Nariño,2021,21,IRA,12,30000,40.0,293.7
52683,Sandoná,Nariño,2021,21,EDA,2,30000,6.67,222.8
52207,Consacá,Nariño,2021,21,IRA,6,14000,42.86,270.6
52207,Consacá,Nariño,2021,21,EDA,0,14000,0.0,395.0
52299,La Florida,Nariño,2021,21,IRA,4,18000,22.22,625.0
52299,La Florida,Nariño,2021,21,EDA,1,18000,5.56,676.6
52885,Yacuanquer,Nariño,2021,21,IRA,5,13000,38.46,736.3
52885,Yacuanquer,Nariño,2021,21,EDA,0,13000,0.0,241.5
52480,Nariño,Nariño,2021,21,IRA,4,22000,18.18,330.1
52480,Nariño,Nariño,2021,21,EDA,1,22000,4.55,607.8
52001,Pasto,Nariño,2021,22,IRA,134,450000,29.78,383.4
52001,Pasto,Nariño,2021,22,EDA,22,450000,4.89,737.9
52683,Sandoná,Nariño,2021,22,IRA,7,30000,23.33,407.4
52683,Sandoná,Nariño,2021,22,EDA,2,30000,6.67,624.6
52207,Consacá,Nariño,2021,22,IRA,4,14000,28.57,608.3
52207,Consacá,Nariño,2021,22,EDA,1,14000,7.14,311.4
52299,La Florida,Nariño,2021,22,IRA,4,18000,22.22,528.2
52299,La Florida,Nariño,2021,22,EDA,0,18000,0.0,773.9
52885,Yacuanquer,Nariño,2021,22,IRA,3,13000,23.08,368.7
52885,Yacuanquer,Nariño,2021,22,EDA,0,13000,0.0,615.2
52480,Nariño,Nariño,2021,22,IRA,5,22000,22.73,404.2
52480,Nariño,Nariño,2021,22,EDA,2,22000,9.09,668.8
52001,Pasto,Nariño,2021,23,IRA,98,450000,21.78,261.6
52001,Pasto,Nariño,2021,23,EDA,37,450000,8.22,409.7
52683,Sandoná,Nariño,2021,23,IRA,11,30000,36.67,661.7
52683,Sandoná,Nariño,2021,23,EDA,3,30000,10.0,653.8
52207,Consacá,Nariño,2021,23,IRA,3,14000,21.43,356.8
52207,Consacá,Nariño,2021,23,EDA,1,14000,7.14,390.5
52299,La Florida,Nariño,2021,23,IRA,4,18000,22.22,338.9
52299,La Florida,Nariño,2021,23,EDA,1,18000,5.56,307.6
52885,Yacuanquer,Nariño,2021,23,IRA,3,13000,23.08,727.6
52885,Yacuanquer,Nariño,2021,23,EDA,1,13000,7.69,270.4
52480,Nariño,Nariño,2021,23,IRA,6,22000,27.27,528.7
52480,Nariño,Nariño,2021,23,EDA,1,22000,4.55,576.4
52001,Pasto,Nariño,2021,24,IRA,111,450000,24.67,540.9
52001,Pasto,Nariño,2021,24,EDA,23,450000,5.11,415.8
52683,Sandoná,Nariño,2021,24,IRA,8,30000,26.67,241.6
52683,Sandoná,Nariño,2021,24,EDA,2,30000,6.67,188.5
52207,Consacá,Nariño,2021,24,IRA,3,14000,21.43,703.1
52207,Consacá,Nariño,2021,24,EDA,1,14000,7.14,706.4
52299,La Florida,Nariño,2021,24,IRA,5,18000,27.78,451.5
52299,La Florida,Nariño,2021,24,EDA,1,18000,5.56,722.5
52885,Yacuanquer,Nariño,2021,24,IRA,2,13000,15.38,545.3
52885,Yacuanquer,Nariño,2021,24,EDA,1,13000,7.69,235.5
52480,Nariño,Nariño,2021,24,IRA,5,22000,22.73,483.7
52480,Nariño,Nariño,2021,24,EDA,2,22000,9.09,707.3
52001,Pasto,Nariño,2021,25,IRA,129,450000,28.67,274.4
52001,Pasto,Nariño,2021,25,EDA,51,450000,11.33,274.8
52683,Sandoná,Nariño,2021,25,IRA,8,30000,26.67,718.0
52683,Sandoná,Nariño,2021,25,EDA,2,30000,6.67,447.2
52207,Consacá,Nariño,2021,25,IRA,4,14000,28.57,699.1
52207,Consacá,Nariño,2021,25,EDA,1,14000,7.14,653.1
52299,La Florida,Nariño,2021,25,IRA,2,18000,11.11,486.4
52299,La Florida,Nariño,2021,25,EDA,1,18000,5.56,710.4
52885,Yacuanquer,Nariño,2021,25,IRA,2,13000,15.38,713.7
52885,Yacuanquer,Nariño,2021,25,EDA,1,13000,7.69,446.4
52480,Nariño,Nariño,2021,25,IRA,6,22000,27.27,639.2
52480,Nariño,Nariño,2021,25,EDA,1,22000,4.55,284.0
52001,Pasto,Nariño,2021,26,IRA,59,450000,13.11,259.3
52001,Pasto,Nariño,2021,26,EDA,41,450000,9.11,308.9
52683,Sandoná,Nariño,2021,26,IRA,4,30000,13.33,559.6
52683,Sandoná,Nariño,2021,26,EDA,3,30000,10.0,471.3
52207,Consacá,Nariño,2021,26,IRA,3,14000,21.43,266.1
52207,Consacá,Nariño,2021,26,EDA,1,14000,7.14,643.6
52299,La Florida,Nariño,2021,26,IRA,4,18000,22.22,443.9
52299,La Florida,Nariño,2021,26,EDA,1,18000,5.56,524.4
52885,Yacuanquer,Nariño,2021,26,IRA,1,13000,7.69,247.9
52885,Yacuanquer,Nariño,2021,26,EDA,1,13000,7.69,304.1
52480,Nariño,Nariño,2021,26,IRA,3,22000,13.64,297.5
52480,Nariño,Nariño,2021,26,EDA,2,22000,9.09,673.4
52001,Pasto,Nariño,2021,27,IRA,63,450000,14.0,535.7
52001,Pasto,Nariño,2021,27,EDA,28,450000,6.22,500.6
52683,Sandoná,Nariño,2021,27,IRA,5,30000,16.67,200.6
52683,Sandoná,Nariño,2021,27,EDA,2,30000,6.67,324.7
52207,Consacá,Nariño,2021,27,IRA,2,14000,14.29,423.9
52207,Consacá,Nariño,2021,27,EDA,1,14000,7.14,525.9
52299,La Florida,Nariño,2021,27,IRA,2,18000,11.11,228.6
52299,La Florida,Nariño,2021,27,EDA,2,18000,11.11,318.7
52885,Yacuanquer,Nariño,2021,27,IRA,2,13000,15.38,280.2
52885,Yacuanquer,Nariño,2021,27,EDA,0,13000,0.0,246.8
52480,Nariño,Nariño,2021,27,IRA,4,22000,18.18,476.3
52480,Nariño,Nariño,2021,27,EDA,2,22000,9.09,447.6
52001,Pasto,Nariño,2021,28,IRA,63,450000,14.0,428.7
52001,Pasto,Nariño,2021,28,EDA,58,450000,12.89,271.6
52683,Sandoná,Nariño,2021,28,IRA,3,30000,10.0,535.6
52683,Sandoná,Nariño,2021,28,EDA,4,30000,13.33,204.4
52207,Consacá,Nariño,2021,28,IRA,1,14000,7.14,510.5
52207,Consacá,Nariño,2021,28,EDA,1,14000,7.14,441.8
52299,La Florida,Nariño,2021,28,IRA,1,18000,5.56,433.7
52299,La Florida,Nariño,2021,28,EDA,2,18000,11.11,446.0
52885,Yacuanquer,Nariño,2021,28,IRA,1,13000,7.69,325.6
52885,Yacuanquer,Nariño,2021,28,EDA,1,13000,7.69,221.3
52480,Nariño,Nariño,2021,28,IRA,2,22000,9.09,451.1
52480,Nariño,Nariño,2021,28,EDA,1,22000,4.55,415.3
52001,Pasto,Nariño,2021,29,IRA,70,450000,15.56,376.4
52001,Pasto,Nariño,2021,29,EDA,56,450000,12.44,378.0
52683,Sandoná,Nariño,2021,29,IRA,2,30000,6.67,380.7
52683,Sandoná,Nariño,2021,29,EDA,4,30000,13.33,505.5
52207,Consacá,Nariño,2021,29,IRA,1,14000,7.14,550.1
52207,Consacá,Nariño,2021,29,EDA,2,14000,14.29,436.1
52299,La Florida,Nariño,2021,29,IRA,1,18000,5.56,324.3
52299,La Florida,Nariño,2021,29,EDA,1,18000,5.56,635.1
52885,Yacuanquer,Nariño,2021,29,IRA,2,13000,15.38,192.5
52885,Yacuanquer,Nariño,2021,29,EDA,2,13000,15.38,174.6
52480,Nariño,Nariño,2021,29,IRA,2,22000,9.09,527.3
52480,Nariño,Nariño,2021,29,EDA,3,22000,13.64,627.5
52001,Pasto,Nariño,2021,30,IRA,53,450000,11.78,351.0
52001,Pasto,Nariño,2021,30,EDA,83,450000,18.44,333.4
52683,Sandoná,Nariño,2021,30,IRA,4,30000,13.33,577.6
52683,Sandoná,Nariño,2021,30,EDA,3,30000,10.0,473.2
52207,Consacá,Nariño,2021,30,IRA,1,14000,7.14,406.4
52207,Consacá,Nariño,2021,30,EDA,2,14000,14.29,317.2
52299,La Florida,Nariño,2021,30,IRA,1,18000,5.56,405.5
52299,La Florida,Nariño,2021,30,EDA,2,18000,11.11,494.3
52885,Yacuanquer,Nariño,2021,30,IRA,1,13000,7.69,156.9
52885,Yacuanquer,Nariño,2021,30,EDA,1,13000,7.69,294.2
52480,Nariño,Nariño,2021,30,IRA,2,22000,9.09,408.8
52480,Nariño,Nariño,2021,30,EDA,3,22000,13.64,538.7
52001,Pasto,Nariño,2021,31,IRA,32,450000,7.11,308.8
52001,Pasto,Nariño,2021,31,EDA,52,450000,11.56,577.5
52683,Sandoná,Nariño,2021,31,IRA,3,30000,10.0,202.8
52683,Sandoná,Nariño,2021,31,EDA,5,30000,16.67,342.0
52207,Consacá,Nariño,2021,31,IRA,1,14000,7.14,553.1
52207,Consacá,Nariño,2021,31,EDA,1,14000,7.14,245.1
52299,La Florida,Nariño,2021,31,IRA,1,18000,5.56,166.7
52299,La Florida,Nariño,2021,31,EDA,2,18000,11.11,471.1
52885,Yacuanquer,Nariño,2021,31,IRA,0,13000,0.0,488.0
52885,Yacuanquer,Nariño,2021,31,EDA,1,13000,7.69,258.0
52480,Nariño,Nariño,2021,31,IRA,1,22000,4.55,544.0
52480,Nariño,Nariño,2021,31,EDA,2,22000,9.09,380.5
52001,Pasto,Nariño,2021,32,IRA,29,450000,6.44,510.9
52001,Pasto,Nariño,2021,32,EDA,81,450000,18.0,290.0
52683,Sandoná,Nariño,2021,32,IRA,2,30000,6.67,447.2
52683,Sandoná,Nariño,2021,32,EDA,3,30000,10.0,282.4
52207,Consacá,Nariño,2021,32,IRA,0,14000,0.0,441.7
52207,Consacá,Nariño,2021,32,EDA,1,14000,7.14,281.8
52299,La Florida,Nariño,2021,32,IRA,0,18000,0.0,569.9
52299,La Florida,Nariño,2021,32,EDA,3,18000,16.67,553.5
52885,Yacuanquer,Nariño,2021,32,IRA,1,13000,7.69,338.1
52885,Yacuanquer,Nariño,2021,32,EDA,1,13000,7.69,580.5
52480,Nariño,Nariño,2021,32,IRA,2,22000,9.09,446.7
52480,Nariño,Nariño,2021,32,EDA,4,22000,18.18,289.9
52001,Pasto,Nariño,2021,33,IRA,28,450000,6.22,210.5
52001,Pasto,Nariño,2021,33,EDA,65,450000,14.44,474.6
52683,Sandoná,Nariño,2021,33,IRA,1,30000,3.33,516.0
52683,Sandoná,Nariño,2021,33,EDA,4,30000,13.33,454.2
52207,Consacá,Nariño,2021,33,IRA,1,14000,7.14,544.6
52207,Consacá,Nariño,2021,33,EDA,2,14000,14.29,567.7
52299,La Florida,Nariño,2021,33,IRA,1,18000,5.56,203.9
52299,La Florida,Nariño,2021,33,EDA,2,18000,11.11,234.2
52885,Yacuanquer,Nariño,2021,33,IRA,0,13000,0.0,547.8
52885,Yacuanquer,Nariño,2021,33,EDA,2,13000,15.38,185.8
52480,Nariño,Nariño,2021,33,IRA,1,22000,4.55,228.5
52480,Nariño,Nariño,2021,33,EDA,2,22000,9.09,439.4
52001,Pasto,Nariño,2021,34,IRA,28,450000,6.22,518.6
52001,Pasto,Nariño,2021,34,EDA,57,450000,12.67,470.5
52683,Sandoná,Nariño,2021,34,IRA,2,30000,6.67,383.3
52683,Sandoná,Nariño,2021,34,EDA,5,30000,16.67,516.8
52207,Consacá,Nariño,2021,34,IRA,0,14000,0.0,554.4
52207,Consacá,Nariño,2021,34,EDA,1,14000,7.14,545.9
52299,La Florida,Nariño,2021,34,IRA,1,18000,5.56,193.6
52299,La Florida,Nariño,2021,34,EDA,4,18000,22.22,349.0
52885,Yacuanquer,Nariño,2021,34,IRA,0,13000,0.0,402.9
52885,Yacuanquer,Nariño,2021,34,EDA,1,13000,7.69,536.4
52480,Nariño,Nariño,2021,34,IRA,1,22000,4.55,476.4
52480,Nariño,Nariño,2021,34,EDA,3,22000,13.64,372.5
52001,Pasto,Nariño,2021,35,IRA,21,450000,4.67,252.7
52001,Pasto,Nariño,2021,35,EDA,81,450000,18.0,352.8
52683,Sandoná,Nariño,2021,35,IRA,1,30000,3.33,558.3
52683,Sandoná,Nariño,2021,35,EDA,5,30000,16.67,498.2
52207,Consacá,Nariño,2021,35,IRA,1,14000,7.14,299.0
52207,Consacá,Nariño,2021,35,EDA,2,14000,14.29,380.5
52299,La Florida,Nariño,2021,35,IRA,0,18000,0.0,203.5
52299,La Florida,Nariño,2021,35,EDA,2,18000,11.11,538.6
52885,Yacuanquer,Nariño,2021,35,IRA,0,13000,0.0,318.9
52885,Yacuanquer,Nariño,2021,35,EDA,1,13000,7.69,281.7
52480,Nariño,Nariño,2021,35,IRA,1,22000,4.55,495.5
52480,Nariño,Nariño,2021,35,EDA,3,22000,13.64,419.6
52001,Pasto,Nariño,2021,36,IRA,27,450000,6.0,249.0
52001,Pasto,Nariño,2021,36,EDA,105,450000,23.33,547.9
52683,Sandoná,Nariño,2021,36,IRA,1,30000,3.33,347.3
52683,Sandoná,Nariño,2021,36,EDA,4,30000,13.33,475.6
52207,Consacá,Nariño,2021,36,IRA,0,14000,0.0,444.1
52207,Consacá,Nariño,2021,36,EDA,2,14000,14.29,527.0
52299,La Florida,Nariño,2021,36,IRA,0,18000,0.0,411.0
52299,La Florida,Nariño,2021,36,EDA,2,18000,11.11,154.8
52885,Yacuanquer,Nariño,2021,36,IRA,0,13000,0.0,538.9
52885,Yacuanquer,Nariño,2021,36,EDA,2,13000,15.38,462.7
52480,Nariño,Nariño,2021,36,IRA,1,22000,4.55,495.6
52480,Nariño,Nariño,2021,36,EDA,3,22000,13.64,438.6
52001,Pasto,Nariño,2021,37,IRA,15,450000,3.33,352.5
52001,Pasto,Nariño,2021,37,EDA,78,450000,17.33,399.6
52683,Sandoná,Nariño,2021,37,IRA,1,30000,3.33,399.0
52683,Sandoná,Nariño,2021,37,EDA,5,30000,16.67,345.0
52207,Consacá,Nariño,2021,37,IRA,0,14000,0.0,371.8
52207,Consacá,Nariño,2021,37,EDA,1,14000,7.14,362.4
52299,La Florida,Nariño,2021,37,IRA,0,18000,0.0,550.6
52299,La Florida,Nariño,2021,37,EDA,2,18000,11.11,481.6
52885,Yacuanquer,Nariño,2021,37,IRA,0,13000,0.0,478.7
52885,Yacuanquer,Nariño,2021,37,EDA,3,13000,23.08,185.0
52480,Nariño,Nariño,2021,37,IRA,0,22000,0.0,202.6
52480,Nariño,Nariño,2021,37,EDA,3,22000,13.64,361.2
52001,Pasto,Nariño,2021,38,IRA,33,450000,7.33,252.5
52001,Pasto,Nariño,2021,38,EDA,82,450000,18.22,297.0
52683,Sandoná,Nariño,2021,38,IRA,1,30000,3.33,377.7
52683,Sandoná,Nariño,2021,38,EDA,8,30000,26.67,235.1
52207,Consacá,Nariño,2021,38,IRA,0,14000,0.0,496.6
52207,Consacá,Nariño,2021,38,EDA,3,14000,21.43,501.0
52299,La Florida,Nariño,2021,38,IRA,1,18000,5.56,179.5
52299,La Florida,Nariño,2021,38,EDA,3,18000,16.67,372.5
52885,Yacuanquer,Nariño,2021,38,IRA,0,13000,0.0,144.1
52885,Yacuanquer,Nariño,2021,38,EDA,1,13000,7.69,350.3
52480,Nariño,Nariño,2021,38,IRA,1,22000,4.55,469.9
52480,Nariño,Nariño,2021,38,EDA,4,22000,18.18,500.9
52001,Pasto,Nariño,2021,39,IRA,20,450000,4.44,364.1
52001,Pasto,Nariño,2021,39,EDA,58,450000,12.89,230.2
52683,Sandoná,Nariño,2021,39,IRA,2,30000,6.67,516.0
52683,Sandoná,Nariño,2021,39,EDA,6,30000,20.0,160.6
52207,Consacá,Nariño,2021,39,IRA,0,14000,0.0,532.0
52207,Consacá,Nariño,2021,39,EDA,3,14000,21.43,379.0
52299,La Florida,Nariño,2021,39,IRA,0,18000,0.0,533.4
52299,La Florida,Nariño,2021,39,EDA,3,18000,16.67,547.2
52885,Yacuanquer,Nariño,2021,39,IRA,0,13000,0.0,458.8
52885,Yacuanquer,Nariño,2021,39,EDA,3,13000,23.08,309.2
52480,Nariño,Nariño,2021,39,IRA,0,22000,0.0,209.5
52480,Nariño,Nariño,2021,39,EDA,3,22000,13.64,493.6
52001,Pasto,Nariño,2021,40,IRA,31,450000,6.89,524.6
52001,Pasto,Nariño,2021,40,EDA,81,450000,18.0,464.5
52683,Sandoná,Nariño,2021,40,IRA,1,30000,3.33,563.8
52683,Sandoná,Nariño,2021,40,EDA,7,30000,23.33,355.8
52207,Consacá,Nariño,2021,40,IRA,1,14000,7.14,165.1
52207,Consacá,Nariño,2021,40,EDA,2,14000,14.29,499.9
52299,La Florida,Nariño,2021,40,IRA,1,18000,5.56,470.2
52299,La Florida,Nariño,2021,40,EDA,5,18000,27.78,311.4
52885,Yacuanquer,Nariño,2021,40,IRA,1,13000,7.69,154.8
52885,Yacuanquer,Nariño,2021,40,EDA,2,13000,15.38,565.6
52480,Nariño,Nariño,2021,40,IRA,1,22000,4.55,294.0
52480,Nariño,Nariño,2021,40,EDA,6,22000,27.27,326.4
52001,Pasto,Nariño,2021,41,IRA,46,450000,10.22,429.6
52001,Pasto,Nariño,2021,41,EDA,63,450000,14.0,411.5
52683,Sandoná,Nariño,2021,41,IRA,3,30000,10.0,452.3
52683,Sandoná,Nariño,2021,41,EDA,4,30000,13.33,210.7
52207,Consacá,Nariño,2021,41,IRA,1,14000,7.14,418.1
52207,Consacá,Nariño,2021,41,EDA,3,14000,21.43,281.0
52299,La Florida,Nariño,2021,41,IRA,1,18000,5.56,146.3
52299,La Florida,Nariño,2021,41,EDA,3,18000,16.67,299.7
52885,Yacuanquer,Nariño,2021,41,IRA,0,13000,0.0,201.4
52885,Yacuanquer,Nariño,2021,41,EDA,2,13000,15.38,338.1
52480,Nariño,Nariño,2021,41,IRA,2,22000,9.09,320.5
52480,Nariño,Nariño,2021,41,EDA,2,22000,9.09,297.1
52001,Pasto,Nariño,2021,42,IRA,32,450000,7.11,409.4
52001,Pasto,Nariño,2021,42,EDA,82,450000,18.22,315.9
52683,Sandoná,Nariño,2021,42,IRA,2,30000,6.67,317.0
52683,Sandoná,Nariño,2021,42,EDA,4,30000,13.33,542.7
52207,Consacá,Nariño,2021,42,IRA,1,14000,7.14,576.5
52207,Consacá,Nariño,2021,42,EDA,3,14000,21.43,221.1
52299,La Florida,Nariño,2021,42,IRA,1,18000,5.56,207.6
52299,La Florida,Nariño,2021,42,EDA,3,18000,16.67,363.3
52885,Yacuanquer,Nariño,2021,42,IRA,0,13000,0.0,337.6
52885,Yacuanquer,Nariño,2021,42,EDA,2,13000,15.38,359.4
52480,Nariño,Nariño,2021,42,IRA,1,22000,4.55,257.2
52480,Nariño,Nariño,2021,42,EDA,3,22000,13.64,421.3
52001,Pasto,Nariño,2021,43,IRA,60,450000,13.33,237.2
52001,Pasto,Nariño,2021,43,EDA,65,450000,14.44,286.2
52683,Sandoná,Nariño,2021,43,IRA,5,30000,16.67,298.5
52683,Sandoná,Nariño,2021,43,EDA,7,30000,23.33,510.2
52207,Consacá,Nariño,2021,43,IRA,1,14000,7.14,299.7
52207,Consacá,Nariño,2021,43,EDA,3,14000,21.43,535.0
52299,La Florida,Nariño,2021,43,IRA,3,18000,16.67,210.6
52299,La Florida,Nariño,2021,43,EDA,3,18000,16.67,574.4
52885,Yacuanquer,Nariño,2021,43,IRA,1,13000,7.69,290.4
52885,Yacuanquer,Nariño,2021,43,EDA,3,13000,23.08,584.0
52480,Nariño,Nariño,2021,43,IRA,2,22000,9.09,461.2
52480,Nariño,Nariño,2021,43,EDA,4,22000,18.18,407.8
52001,Pasto,Nariño,2021,44,IRA,51,450000,11.33,325.6
52001,Pasto,Nariño,2021,44,EDA,119,450000,26.44,333.4
52683,Sandoná,Nariño,2021,44,IRA,3,30000,10.0,411.8
52683,Sandoná,Nariño,2021,44,EDA,6,30000,20.0,403.5
52207,Consacá,Nariño,2021,44,IRA,2,14000,14.29,405.5
52207,Consacá,Nariño,2021,44,EDA,4,14000,28.57,364.9
52299,La Florida,Nariño,2021,44,IRA,3,18000,16.67,354.3
52299,La Florida,Nariño,2021,44,EDA,3,18000,16.67,471.0
52885,Yacuanquer,Nariño,2021,44,IRA,2,13000,15.38,518.2
52885,Yacuanquer,Nariño,2021,44,EDA,2,13000,15.38,382.2
52480,Nariño,Nariño,2021,44,IRA,3,22000,13.64,264.1
52480,Nariño,Nariño,2021,44,EDA,5,22000,22.73,481.3
52001,Pasto,Nariño,2021,45,IRA,92,450000,20.44,191.8
52001,Pasto,Nariño,2021,45,EDA,132,450000,29.33,382.6
52683,Sandoná,Nariño,2021,45,IRA,4,30000,13.33,395.5
52683,Sandoná,Nariño,2021,45,EDA,8,30000,26.67,482.7
52207,Consacá,Nariño,2021,45,IRA,2,14000,14.29,529.3
52207,Consacá,Nariño,2021,45,EDA,2,14000,14.29,578.6
52299,La Florida,Nariño,2021,45,IRA,3,18000,16.67,457.5
52299,La Florida,Nariño,2021,45,EDA,2,18000,11.11,519.1
52885,Yacuanquer,Nariño,2021,45,IRA,2,13000,15.38,324.1
52885,Yacuanquer,Nariño,2021,45,EDA,3,13000,23.08,177.8
52480,Nariño,Nariño,2021,45,IRA,5,22000,22.73,476.0
52480,Nariño,Nariño,2021,45,EDA,4,22000,18.18,511.4
52001,Pasto,Nariño,2021,46,IRA,117,450000,26.0,369.7
52001,Pasto,Nariño,2021,46,EDA,56,450000,12.44,286.6
52683,Sandoná,Nariño,2021,46,IRA,5,30000,16.67,412.5
52683,Sandoná,Nariño,2021,46,EDA,6,30000,20.0,439.8
52207,Consacá,Nariño,2021,46,IRA,2,14000,14.29,350.7
52207,Consacá,Nariño,2021,46,EDA,3,14000,21.43,446.3
52299,La Florida,Nariño,2021,46,IRA,3,18000,16.67,328.3
52299,La Florida,Nariño,2021,46,EDA,2,18000,11.11,212.0
52885,Yacuanquer,Nariño,2021,46,IRA,2,13000,15.38,626.9
52885,Yacuanquer,Nariño,2021,46,EDA,1,13000,7.69,616.7
52480,Nariño,Nariño,2021,46,IRA,2,22000,9.09,312.3
52480,Nariño,Nariño,2021,46,EDA,4,22000,18.18,261.5
52001,Pasto,Nariño,2021,47,IRA,95,450000,21.11,403.4
52001,Pasto,Nariño,2021,47,EDA,87,450000,19.33,513.4
52683,Sandoná,Nariño,2021,47,IRA,5,30000,16.67,315.8
52683,Sandoná,Nariño,2021,47,EDA,7,30000,23.33,223.5
52207,Consacá,Nariño,2021,47,IRA,3,14000,21.43,489.1
52207,Consacá,Nariño,2021,47,EDA,3,14000,21.43,248.0
52299,La Florida,Nariño,2021,47,IRA,5,18000,27.78,287.7
52299,La Florida,Nariño,2021,47,EDA,2,18000,11.11,245.9
52885,Yacuanquer,Nariño,2021,47,IRA,2,13000,15.38,643.8
52885,Yacuanquer,Nariño,2021,47,EDA,2,13000,15.38,368.0
52480,Nariño,Nariño,2021,47,IRA,3,22000,13.64,485.3
52480,Nariño,Nariño,2021,47,EDA,4,22000,18.18,180.7
52001,Pasto,Nariño,2021,48,IRA,118,450000,26.22,272.6
52001,Pasto,Nariño,2021,48,EDA,96,450000,21.33,371.0
52683,Sandoná,Nariño,2021,48,IRA,8,30000,26.67,277.0
52683,Sandoná,Nariño,2021,48,EDA,7,30000,23.33,586.7
52207,Consacá,Nariño,2021,48,IRA,2,14000,14.29,223.5
52207,Consacá,Nariño,2021,48,EDA,3,14000,21.43,267.3
52299,La Florida,Nariño,2021,48,IRA,3,18000,16.67,406.3
52299,La Florida,Nariño,2021,48,EDA,2,18000,11.11,614.4
52885,Yacuanquer,Nariño,2021,48,IRA,3,13000,23.08,499.6
52885,Yacuanquer,Nariño,2021,48,EDA,2,13000,15.38,485.3
52480,Nariño,Nariño,2021,48,IRA,5,22000,22.73,350.0
52480,Nariño,Nariño,2021,48,EDA,5,22000,22.73,488.4
52001,Pasto,Nariño,2021,49,IRA,150,450000,33.33,550.8
52001,Pasto,Nariño,2021,49,EDA,72,450000,16.0,502.3
52683,Sandoná,Nariño,2021,49,IRA,5,30000,16.67,247.6
52683,Sandoná,Nariño,2021,49,EDA,4,30000,13.33,338.5
52207,Consacá,Nariño,2021,49,IRA,2,14000,14.29,544.1
52207,Consacá,Nariño,2021,49,EDA,2,14000,14.29,398.3
52299,La Florida,Nariño,2021,49,IRA,3,18000,16.67,380.0
52299,La Florida,Nariño,2021,49,EDA,2,18000,11.11,513.4
52885,Yacuanquer,Nariño,2021,49,IRA,4,13000,30.77,518.6
52885,Yacuanquer,Nariño,2021,49,EDA,3,13000,23.08,470.7
52480,Nariño,Nariño,2021,49,IRA,5,22000,22.73,251.0
52480,Nariño,Nariño,2021,49,EDA,3,22000,13.64,415.6
52001,Pasto,Nariño,2021,50,IRA,84,450000,18.67,378.6
52001,Pasto,Nariño,2021,50,EDA,50,450000,11.11,256.9
52683,Sandoná,Nariño,2021,50,IRA,10,30000,33.33,709.3
52683,Sandoná,Nariño,2021,50,EDA,5,30000,16.67,452.9
52207,Consacá,Nariño,2021,50,IRA,4,14000,28.57,409.6
52207,Consacá,Nariño,2021,50,EDA,3,14000,21.43,449.5
52299,La Florida,Nariño,2021,50,IRA,3,18000,16.67,199.2
52299,La Florida,Nariño,2021,50,EDA,4,18000,22.22,342.0
52885,Yacuanquer,Nariño,2021,50,IRA,3,13000,23.08,476.3
52885,Yacuanquer,Nariño,2021,50,EDA,1,13000,7.69,432.4
52480,Nariño,Nariño,2021,50,IRA,7,22000,31.82,601.1
52480,Nariño,Nariño,2021,50,EDA,4,22000,18.18,244.2
52001,Pasto,Nariño,2021,51,IRA,98,450000,21.78,625.5
52001,Pasto,Nariño,2021,51,EDA,101,450000,22.44,395.1
52683,Sandoná,Nariño,2021,51,IRA,11,30000,36.67,211.6
52683,Sandoná,Nariño,2021,51,EDA,6,30000,20.0,496.4
52207,Consacá,Nariño,2021,51,IRA,6,14000,42.86,245.9
52207,Consacá,Nariño,2021,51,EDA,3,14000,21.43,612.0
52299,La Florida,Nariño,2021,51,IRA,4,18000,22.22,752.0
52299,La Florida,Nariño,2021,51,EDA,3,18000,16.67,384.8
52885,Yacuanquer,Nariño,2021,51,IRA,5,13000,38.46,435.8
52885,Yacuanquer,Nariño,2021,51,EDA,3,13000,23.08,625.7
52480,Nariño,Nariño,2021,51,IRA,5,22000,22.73,645.5
52480,Nariño,Nariño,2021,51,EDA,4,22000,18.18,385.9
52001,Pasto,Nariño,2021,52,IRA,180,450000,40.0,562.3
52001,Pasto,Nariño,2021,52,EDA,56,450000,12.44,275.1
52683,Sandoná,Nariño,2021,52,IRA,7,30000,23.33,314.5
52683,Sandoná,Nariño,2021,52,EDA,3,30000,10.0,398.2
52207,Consacá,Nariño,2021,52,IRA,3,14000,21.43,507.6
52207,Consacá,Nariño,2021,52,EDA,2,14000,14.29,603.8
52299,La Florida,Nariño,2021,52,IRA,5,18000,27.78,349.6
52299,La Florida,Nariño,2021,52,EDA,3,18000,16.67,767.6
52885,Yacuanquer,Nariño,2021,52,IRA,5,13000,38.46,249.4
52885,Yacuanquer,Nariño,2021,52,EDA,3,13000,23.08,651.3
52480,Nariño,Nariño,2021,52,IRA,10,22000,45.45,771.7
52480,Nariño,Nariño,2021,52,EDA,4,22000,18.18,267.9
52001,Pasto,Nariño,2022,1,IRA,212,450000,47.11,452.4
52001,Pasto,Nariño,2022,1,EDA,85,450000,18.89,901.5
52683,Sandoná,Nariño,2022,1,IRA,13,30000,43.33,783.4
52683,Sandoná,Nariño,2022,1,EDA,4,30000,13.33,706.7
52207,Consacá,Nariño,2022,1,IRA,4,14000,28.57,580.1
52207,Consacá,Nariño,2022,1,EDA,2,14000,14.29,750.3
52299,La Florida,Nariño,2022,1,IRA,8,18000,44.44,330.9
52299,La Florida,Nariño,2022,1,EDA,2,18000,11.11,474.5
52885,Yacuanquer,Nariño,2022,1,IRA,6,13000,46.15,545.0
52885,Yacuanquer,Nariño,2022,1,EDA,2,13000,15.38,512.6
52480,Nariño,Nariño,2022,1,IRA,4,22000,18.18,859.3
52480,Nariño,Nariño,2022,1,EDA,4,22000,18.18,825.8
52001,Pasto,Nariño,2022,2,IRA,168,450000,37.33,769.3
52001,Pasto,Nariño,2022,2,EDA,60,450000,13.33,305.9
52683,Sandoná,Nariño,2022,2,IRA,11,30000,36.67,425.1
52683,Sandoná,Nariño,2022,2,EDA,4,30000,13.33,420.5
52207,Consacá,Nariño,2022,2,IRA,4,14000,28.57,896.0
52207,Consacá,Nariño,2022,2,EDA,1,14000,7.14,702.8
52299,La Florida,Nariño,2022,2,IRA,7,18000,38.89,631.4
52299,La Florida,Nariño,2022,2,EDA,2,18000,11.11,783.5
52885,Yacuanquer,Nariño,2022,2,IRA,3,13000,23.08,333.9
52885,Yacuanquer,Nariño,2022,2,EDA,2,13000,15.38,611.6
52480,Nariño,Nariño,2022,2,IRA,5,22000,22.73,918.6
52480,Nariño,Nariño,2022,2,EDA,3,22000,13.64,257.6
52001,Pasto,Nariño,2022,3,IRA,250,450000,55.56,409.7
52001,Pasto,Nariño,2022,3,EDA,74,450000,16.44,355.9
52683,Sandoná,Nariño,2022,3,IRA,13,30000,43.33,376.6
52683,Sandoná,Nariño,2022,3,EDA,5,30000,16.67,464.6
52207,Consacá,Nariño,2022,3,IRA,6,14000,42.86,446.5
52207,Consacá,Nariño,2022,3,EDA,1,14000,7.14,946.3
52299,La Florida,Nariño,2022,3,IRA,5,18000,27.78,558.1
52299,La Florida,Nariño,2022,3,EDA,2,18000,11.11,790.0
52885,Yacuanquer,Nariño,2022,3,IRA,4,13000,30.77,756.3
52885,Yacuanquer,Nariño,2022,3,EDA,2,13000,15.38,255.8
52480,Nariño,Nariño,2022,3,IRA,8,22000,36.36,356.5
52480,Nariño,Nariño,2022,3,EDA,2,22000,9.09,775.1
52001,Pasto,Nariño,2022,4,IRA,116,450000,25.78,778.8
52001,Pasto,Nariño,2022,4,EDA,75,450000,16.67,1000.2
52683,Sandoná,Nariño,2022,4,IRA,11,30000,36.67,352.3
52683,Sandoná,Nariño,2022,4,EDA,2,30000,6.67,542.2
52207,Consacá,Nariño,2022,4,IRA,7,14000,50.0,329.8
52207,Consacá,Nariño,2022,4,EDA,1,14000,7.14,919.1
52299,La Florida,Nariño,2022,4,IRA,5,18000,27.78,837.7
52299,La Florida,Nariño,2022,4,EDA,2,18000,11.11,353.1
52885,Yacuanquer,Nariño,2022,4,IRA,7,13000,53.85,360.4
52885,Yacuanquer,Nariño,2022,4,EDA,1,13000,7.69,258.7
52480,Nariño,Nariño,2022,4,IRA,10,22000,45.45,585.4
52480,Nariño,Nariño,2022,4,EDA,3,22000,13.64,727.7
52001,Pasto,Nariño,2022,5,IRA,143,450000,31.78,556.8
52001,Pasto,Nariño,2022,5,EDA,63,450000,14.0,891.7
52683,Sandoná,Nariño,2022,5,IRA,8,30000,26.67,324.2
52683,Sandoná,Nariño,2022,5,EDA,4,30000,13.33,689.7
52207,Consacá,Nariño,2022,5,IRA,5,14000,35.71,968.9
52207,Consacá,Nariño,2022,5,EDA,1,14000,7.14,353.6
52299,La Florida,Nariño,2022,5,IRA,6,18000,33.33,312.0
52299,La Florida,Nariño,2022,5,EDA,2,18000,11.11,697.5
52885,Yacuanquer,Nariño,2022,5,IRA,6,13000,46.15,831.2
52885,Yacuanquer,Nariño,2022,5,EDA,1,13000,7.69,882.7
52480,Nariño,Nariño,2022,5,IRA,10,22000,45.45,474.5
52480,Nariño,Nariño,2022,5,EDA,2,22000,9.09,629.8
52001,Pasto,Nariño,2022,6,IRA,245,450000,54.44,463.0
52001,Pasto,Nariño,2022,6,EDA,33,450000,7.33,906.5
52683,Sandoná,Nariño,2022,6,IRA,18,30000,60.0,609.7
52683,Sandoná,Nariño,2022,6,EDA,2,30000,6.67,613.2
52207,Consacá,Nariño,2022,6,IRA,6,14000,42.86,634.3
52207,Consacá,Nariño,2022,6,EDA,2,14000,14.29,972.0
52299,La Florida,Nariño,2022,6,IRA,11,18000,61.11,342.6
52299,La Florida,Nariño,2022,6,EDA,2,18000,11.11,663.9
52885,Yacuanquer,Nariño,2022,6,IRA,5,13000,38.46,748.2
52885,Yacuanquer,Nariño,2022,6,EDA,1,13000,7.69,948.1
52480,Nariño,Nariño,2022,6,IRA,12,22000,54.55,257.7
52480,Nariño,Nariño,2022,6,EDA,1,22000,4.55,438.4
52001,Pasto,Nariño,2022,7,IRA,132,450000,29.33,285.0
52001,Pasto,Nariño,2022,7,EDA,58,450000,12.89,607.9
52683,Sandoná,Nariño,2022,7,IRA,15,30000,50.0,603.9
52683,Sandoná,Nariño,2022,7,EDA,2,30000,6.67,749.2
52207,Consacá,Nariño,2022,7,IRA,4,14000,28.57,629.6
52207,Consacá,Nariño,2022,7,EDA,1,14000,7.14,442.1
52299,La Florida,Nariño,2022,7,IRA,7,18000,38.89,611.3
52299,La Florida,Nariño,2022,7,EDA,1,18000,5.56,826.1
52885,Yacuanquer,Nariño,2022,7,IRA,6,13000,46.15,524.1
52885,Yacuanquer,Nariño,2022,7,EDA,1,13000,7.69,845.3
52480,Nariño,Nariño,2022,7,IRA,11,22000,50.0,289.1
52480,Nariño,Nariño,2022,7,EDA,2,22000,9.09,769.6
52001,Pasto,Nariño,2022,8,IRA,272,450000,60.44,277.8
52001,Pasto,Nariño,2022,8,EDA,28,450000,6.22,545.2
52683,Sandoná,Nariño,2022,8,IRA,13,30000,43.33,669.0
52683,Sandoná,Nariño,2022,8,EDA,2,30000,6.67,763.4
52207,Consacá,Nariño,2022,8,IRA,7,14000,50.0,321.5
52207,Consacá,Nariño,2022,8,EDA,1,14000,7.14,734.9
52299,La Florida,Nariño,2022,8,IRA,6,18000,33.33,913.5
52299,La Florida,Nariño,2022,8,EDA,1,18000,5.56,792.7
52885,Yacuanquer,Nariño,2022,8,IRA,7,13000,53.85,355.3
52885,Yacuanquer,Nariño,2022,8,EDA,0,13000,0.0,791.4
52480,Nariño,Nariño,2022,8,IRA,8,22000,36.36,866.2
52480,Nariño,Nariño,2022,8,EDA,2,22000,9.09,257.6
52001,Pasto,Nariño,2022,9,IRA,268,450000,59.56,420.9
52001,Pasto,Nariño,2022,9,EDA,25,450000,5.56,727.1
52683,Sandoná,Nariño,2022,9,IRA,15,30000,50.0,285.4
52683,Sandoná,Nariño,2022,9,EDA,2,30000,6.67,482.2
52207,Consacá,Nariño,2022,9,IRA,6,14000,42.86,626.0
52207,Consacá,Nariño,2022,9,EDA,1,14000,7.14,409.2
52299,La Florida,Nariño,2022,9,IRA,5,18000,27.78,630.9
52299,La Florida,Nariño,2022,9,EDA,1,18000,5.56,390.6
52885,Yacuanquer,Nariño,2022,9,IRA,6,13000,46.15,262.4
52885,Yacuanquer,Nariño,2022,9,EDA,1,13000,7.69,401.8
52480,Nariño,Nariño,2022,9,IRA,10,22000,45.45,498.1
52480,Nariño,Nariño,2022,9,EDA,1,22000,4.55,879.3
52001,Pasto,Nariño,2022,10,IRA,277,450000,61.56,602.3
52001,Pasto,Nariño,2022,10,EDA,48,450000,10.67,729.9
52683,Sandoná,Nariño,2022,10,IRA,13,30000,43.33,445.3
52683,Sandoná,Nariño,2022,10,EDA,2,30000,6.67,716.1
52207,Consacá,Nariño,2022,10,IRA,5,14000,35.71,279.5
52207,Consacá,Nariño,2022,10,EDA,1,14000,7.14,567.7
52299,La Florida,Nariño,2022,10,IRA,11,18000,61.11,348.4
52299,La Florida,Nariño,2022,10,EDA,1,18000,5.56,893.5
52885,Yacuanquer,Nariño,2022,10,IRA,8,13000,61.54,273.4
52885,Yacuanquer,Nariño,2022,10,EDA,1,13000,7.69,418.4
52480,Nariño,Nariño,2022,10,IRA,13,22000,59.09,449.0
52480,Nariño,Nariño,2022,10,EDA,1,22000,4.55,232.0
52001,Pasto,Nariño,2022,11,IRA,163,450000,36.22,594.9
52001,Pasto,Nariño,2022,11,EDA,27,450000,6.0,634.0
52683,Sandoná,Nariño,2022,11,IRA,13,30000,43.33,613.4
52683,Sandoná,Nariño,2022,11,EDA,2,30000,6.67,733.4
52207,Consacá,Nariño,2022,11,IRA,5,14000,35.71,818.1
52207,Consacá,Nariño,2022,11,EDA,1,14000,7.14,383.6
52299,La Florida,Nariño,2022,11,IRA,5,18000,27.78,492.9
52299,La Florida,Nariño,2022,11,EDA,1,18000,5.56,450.8
52885,Yacuanquer,Nariño,2022,11,IRA,7,13000,53.85,802.7
52885,Yacuanquer,Nariño,2022,11,EDA,1,13000,7.69,222.0
52480,Nariño,Nariño,2022,11,IRA,11,22000,50.0,784.0
52480,Nariño,Nariño,2022,11,EDA,1,22000,4.55,290.0
52001,Pasto,Nariño,2022,12,IRA,218,450000,48.44,369.2
52001,Pasto,Nariño,2022,12,EDA,30,450000,6.67,254.0
52683,Sandoná,Nariño,2022,12,IRA,19,30000,63.33,675.0
52683,Sandoná,Nariño,2022,12,EDA,1,30000,3.33,810.4
52207,Consacá,Nariño,2022,12,IRA,8,14000,57.14,551.1
52207,Consacá,Nariño,2022,12,EDA,1,14000,7.14,455.9
52299,La Florida,Nariño,2022,12,IRA,11,18000,61.11,270.2
52299,La Florida,Nariño,2022,12,EDA,0,18000,0.0,301.6
52885,Yacuanquer,Nariño,2022,12,IRA,7,13000,53.85,263.7
52885,Yacuanquer,Nariño,2022,12,EDA,0,13000,0.0,496.3
52480,Nariño,Nariño,2022,12,IRA,14,22000,63.64,368.3
52480,Nariño,Nariño,2022,12,EDA,1,22000,4.55,418.8
52001,Pasto,Nariño,2022,13,IRA,260,450000,57.78,649.8
52001,Pasto,Nariño,2022,13,EDA,33,450000,7.33,409.3
52683,Sandoná,Nariño,2022,13,IRA,11,30000,36.67,256.4
52683,Sandoná,Nariño,2022,13,EDA,1,30000,3.33,699.5
52207,Consacá,Nariño,2022,13,IRA,6,14000,42.86,307.1
52207,Consacá,Nariño,2022,13,EDA,0,14000,0.0,502.3
52299,La Florida,Nariño,2022,13,IRA,7,18000,38.89,546.2
52299,La Florida,Nariño,2022,13,EDA,1,18000,5.56,339.9
52885,Yacuanquer,Nariño,2022,13,IRA,5,13000,38.46,376.0
52885,Yacuanquer,Nariño,2022,13,EDA,0,13000,0.0,308.5
52480,Nariño,Nariño,2022,13,IRA,11,22000,50.0,728.7
52480,Nariño,Nariño,2022,13,EDA,1,22000,4.55,234.8
52001,Pasto,Nariño,2022,14,IRA,260,450000,57.78,403.6
52001,Pasto,Nariño,2022,14,EDA,17,450000,3.78,355.0
52683,Sandoná,Nariño,2022,14,IRA,12,30000,40.0,517.0
52683,Sandoná,Nariño,2022,14,EDA,2,30000,6.67,362.3
52207,Consacá,Nariño,2022,14,IRA,8,14000,57.14,222.5
52207,Consacá,Nariño,2022,14,EDA,0,14000,0.0,479.6
52299,La Florida,Nariño,2022,14,IRA,9,18000,50.0,356.0
52299,La Florida,Nariño,2022,14,EDA,1,18000,5.56,694.3
52885,Yacuanquer,Nariño,2022,14,IRA,4,13000,30.77,210.8
52885,Yacuanquer,Nariño,2022,14,EDA,0,13000,0.0,803.3
52480,Nariño,Nariño,2022,14,IRA,7,22000,31.82,706.3
52480,Nariño,Nariño,2022,14,EDA,1,22000,4.55,588.3
52001,Pasto,Nariño,2022,15,IRA,222,450000,49.33,542.5
52001,Pasto,Nariño,2022,15,EDA,20,450000,4.44,679.0
52683,Sandoná,Nariño,2022,15,IRA,8,30000,26.67,235.7
52683,Sandoná,Nariño,2022,15,EDA,2,30000,6.67,460.2
52207,Consacá,Nariño,2022,15,IRA,4,14000,28.57,733.8
52207,Consacá,Nariño,2022,15,EDA,0,14000,0.0,393.9
52299,La Florida,Nariño,2022,15,IRA,5,18000,27.78,470.6
52299,La Florida,Nariño,2022,15,EDA,0,18000,0.0,537.5
52885,Yacuanquer,Nariño,2022,15,IRA,7,13000,53.85,431.5
52885,Yacuanquer,Nariño,2022,15,EDA,0,13000,0.0,602.3
52480,Nariño,Nariño,2022,15,IRA,7,22000,31.82,324.7
52480,Nariño,Nariño,2022,15,EDA,0,22000,0.0,363.3
52001,Pasto,Nariño,2022,16,IRA,250,450000,55.56,211.4
52001,Pasto,Nariño,2022,16,EDA,26,450000,5.78,332.7
52683,Sandoná,Nariño,2022,16,IRA,10,30000,33.33,428.2
52683,Sandoná,Nariño,2022,16,EDA,1,30000,3.33,226.6
52207,Consacá,Nariño,2022,16,IRA,4,14000,28.57,270.4
52207,Consacá,Nariño,2022,16,EDA,0,14000,0.0,699.8
52299,La Florida,Nariño,2022,16,IRA,7,18000,38.89,553.9
52299,La Florida,Nariño,2022,16,EDA,1,18000,5.56,648.2
52885,Yacuanquer,Nariño,2022,16,IRA,7,13000,53.85,640.8
52885,Yacuanquer,Nariño,2022,16,EDA,0,13000,0.0,504.4
52480,Nariño,Nariño,2022,16,IRA,9,22000,40.91,715.9
52480,Nariño,Nariño,2022,16,EDA,1,22000,4.55,414.7
52001,Pasto,Nariño,2022,17,IRA,136,450000,30.22,363.2
52001,Pasto,Nariño,2022,17,EDA,18,450000,4.0,684.5
52683,Sandoná,Nariño,2022,17,IRA,14,30000,46.67,218.3
52683,Sandoná,Nariño,2022,17,EDA,2,30000,6.67,480.5
52207,Consacá,Nariño,2022,17,IRA,6,14000,42.86,742.3
52207,Consacá,Nariño,2022,17,EDA,1,14000,7.14,241.4
52299,La Florida,Nariño,2022,17,IRA,8,18000,44.44,334.1
52299,La Florida,Nariño,2022,17,EDA,1,18000,5.56,696.5
52885,Yacuanquer,Nariño,2022,17,IRA,3,13000,23.08,740.5
52885,Yacuanquer,Nariño,2022,17,EDA,0,13000,0.0,657.1
52480,Nariño,Nariño,2022,17,IRA,11,22000,50.0,383.2
52480,Nariño,Nariño,2022,17,EDA,1,22000,4.55,656.4
52001,Pasto,Nariño,2022,18,IRA,129,450000,28.67,499.7
52001,Pasto,Nariño,2022,18,EDA,30,450000,6.67,556.4
52683,Sandoná,Nariño,2022,18,IRA,15,30000,50.0,195.1
52683,Sandoná,Nariño,2022,18,EDA,1,30000,3.33,691.3
52207,Consacá,Nariño,2022,18,IRA,5,14000,35.71,483.8
52207,Consacá,Nariño,2022,18,EDA,0,14000,0.0,713.1
52299,La Florida,Nariño,2022,18,IRA,9,18000,50.0,445.5
52299,La Florida,Nariño,2022,18,EDA,0,18000,0.0,444.6
52885,Yacuanquer,Nariño,2022,18,IRA,3,13000,23.08,305.4
52885,Yacuanquer,Nariño,2022,18,EDA,0,13000,0.0,464.0
52480,Nariño,Nariño,2022,18,IRA,5,22000,22.73,675.3
52480,Nariño,Nariño,2022,18,EDA,0,22000,0.0,250.3
52001,Pasto,Nariño,2022,19,IRA,193,450000,42.89,654.9
52001,Pasto,Nariño,2022,19,EDA,31,450000,6.89,343.6
52683,Sandoná,Nariño,2022,19,IRA,6,30000,20.0,481.2
52683,Sandoná,Nariño,2022,19,EDA,2,30000,6.67,579.4
52207,Consacá,Nariño,2022,19,IRA,6,14000,42.86,624.5
52207,Consacá,Nariño,2022,19,EDA,1,14000,7.14,369.8
52299,La Florida,Nariño,2022,19,IRA,8,18000,44.44,381.3
52299,La Florida,Nariño,2022,19,EDA,0,18000,0.0,332.2
52885,Yacuanquer,Nariño,2022,19,IRA,3,13000,23.08,256.7
52885,Yacuanquer,Nariño,2022,19,EDA,0,13000,0.0,588.5
52480,Nariño,Nariño,2022,19,IRA,11,22000,50.0,513.9
52480,Nariño,Nariño,2022,19,EDA,0,22000,0.0,681.1
52001,Pasto,Nariño,2022,20,IRA,177,450000,39.33,640.2
52001,Pasto,Nariño,2022,20,EDA,32,450000,7.11,282.3
52683,Sandoná,Nariño,2022,20,IRA,11,30000,36.67,258.0
52683,Sandoná,Nariño,2022,20,EDA,1,30000,3.33,518.3
52207,Consacá,Nariño,2022,20,IRA,3,14000,21.43,538.7
52207,Consacá,Nariño,2022,20,EDA,1,14000,7.14,650.2
52299,La Florida,Nariño,2022,20,IRA,5,18000,27.78,673.4
52299,La Florida,Nariño,2022,20,EDA,1,18000,5.56,185.5
52885,Yacuanquer,Nariño,2022,20,IRA,4,13000,30.77,636.2
52885,Yacuanquer,Nariño,2022,20,EDA,1,13000,7.69,281.1
52480,Nariño,Nariño,2022,20,IRA,7,22000,31.82,644.1
52480,Nariño,Nariño,2022,20,EDA,0,22000,0.0,547.1
52001,Pasto,Nariño,2022,21,IRA,113,450000,25.11,647.7
52001,Pasto,Nariño,2022,21,EDA,20,450000,4.44,599.9
52683,Sandoná,Nariño,2022,21,IRA,6,30000,20.0,513.1
52683,Sandoná,Nariño,2022,21,EDA,2,30000,6.67,600.5
52207,Consacá,Nariño,2022,21,IRA,4,14000,28.57,294.6
52207,Consacá,Nariño,2022,21,EDA,0,14000,0.0,197.5
52299,La Florida,Nariño,2022,21,IRA,4,18000,22.22,217.3
52299,La Florida,Nariño,2022,21,EDA,0,18000,0.0,354.1
52885,Yacuanquer,Nariño,2022,21,IRA,4,13000,30.77,641.1
52885,Yacuanquer,Nariño,2022,21,EDA,1,13000,7.69,406.8
52480,Nariño,Nariño,2022,21,IRA,6,22000,27.27,432.9
52480,Nariño,Nariño,2022,21,EDA,0,22000,0.0,400.1
52001,Pasto,Nariño,2022,22,IRA,169,450000,37.56,470.9
52001,Pasto,Nariño,2022,22,EDA,34,450000,7.56,237.3
52683,Sandoná,Nariño,2022,22,IRA,5,30000,16.67,564.1
52683,Sandoná,Nariño,2022,22,EDA,1,30000,3.33,311.9
52207,Consacá,Nariño,2022,22,IRA,5,14000,35.71,195.0
52207,Consacá,Nariño,2022,22,EDA,0,14000,0.0,339.1
52299,La Florida,Nariño,2022,22,IRA,6,18000,33.33,421.2
52299,La Florida,Nariño,2022,22,EDA,1,18000,5.56,204.0
52885,Yacuanquer,Nariño,2022,22,IRA,4,13000,30.77,453.0
52885,Yacuanquer,Nariño,2022,22,EDA,0,13000,0.0,174.3
52480,Nariño,Nariño,2022,22,IRA,8,22000,36.36,238.4
52480,Nariño,Nariño,2022,22,EDA,1,22000,4.55,234.6
52001,Pasto,Nariño,2022,23,IRA,81,450000,18.0,251.0
52001,Pasto,Nariño,2022,23,EDA,24,450000,5.33,480.0
52683,Sandoná,Nariño,2022,23,IRA,9,30000,30.0,495.2
52683,Sandoná,Nariño,2022,23,EDA,1,30000,3.33,286.4
52207,Consacá,Nariño,2022,23,IRA,2,14000,14.29,178.4
52207,Consacá,Nariño,2022,23,EDA,1,14000,7.14,546.4
52299,La Florida,Nariño,2022,23,IRA,3,18000,16.67,323.3
52299,La Florida,Nariño,2022,23,EDA,1,18000,5.56,292.4
52885,Yacuanquer,Nariño,2022,23,IRA,3,13000,23.08,434.8
52885,Yacuanquer,Nariño,2022,23,EDA,0,13000,0.0,167.2
52480,Nariño,Nariño,2022,23,IRA,4,22000,18.18,291.2
52480,Nariño,Nariño,2022,23,EDA,1,22000,4.55,548.2
52001,Pasto,Nariño,2022,24,IRA,91,450000,20.22,332.1
52001,Pasto,Nariño,2022,24,EDA,35,450000,7.78,451.9
52683,Sandoná,Nariño,2022,24,IRA,4,30000,13.33,398.8
52683,Sandoná,Nariño,2022,24,EDA,1,30000,3.33,553.9
52207,Consacá,Nariño,2022,24,IRA,3,14000,21.43,354.1
52207,Consacá,Nariño,2022,24,EDA,0,14000,0.0,362.8
52299,La Florida,Nariño,2022,24,IRA,3,18000,16.67,273.5
52299,La Florida,Nariño,2022,24,EDA,0,18000,0.0,493.3
52885,Yacuanquer,Nariño,2022,24,IRA,3,13000,23.08,190.4
52885,Yacuanquer,Nariño,2022,24,EDA,0,13000,0.0,397.6
52480,Nariño,Nariño,2022,24,IRA,7,22000,31.82,419.5
52480,Nariño,Nariño,2022,24,EDA,1,22000,4.55,533.6
52001,Pasto,Nariño,2022,25,IRA,121,450000,26.89,334.3
52001,Pasto,Nariño,2022,25,EDA,40,450000,8.89,533.6
52683,Sandoná,Nariño,2022,25,IRA,6,30000,20.0,540.2
52683,Sandoná,Nariño,2022,25,EDA,2,30000,6.67,183.3
52207,Consacá,Nariño,2022,25,IRA,3,14000,21.43,465.8
52207,Consacá,Nariño,2022,25,EDA,1,14000,7.14,548.6
52299,La Florida,Nariño,2022,25,IRA,4,18000,22.22,449.4
52299,La Florida,Nariño,2022,25,EDA,1,18000,5.56,201.7
52885,Yacuanquer,Nariño,2022,25,IRA,3,13000,23.08,225.1
52885,Yacuanquer,Nariño,2022,25,EDA,1,13000,7.69,580.4
52480,Nariño,Nariño,2022,25,IRA,5,22000,22.73,204.3
52480,Nariño,Nariño,2022,25,EDA,1,22000,4.55,587.6
52001,Pasto,Nariño,2022,26,IRA,81,450000,18.0,580.6
52001,Pasto,Nariño,2022,26,EDA,47,450000,10.44,509.4
52683,Sandoná,Nariño,2022,26,IRA,4,30000,13.33,542.8
52683,Sandoná,Nariño,2022,26,EDA,3,30000,10.0,174.7
52207,Consacá,Nariño,2022,26,IRA,2,14000,14.29,318.8
52207,Consacá,Nariño,2022,26,EDA,1,14000,7.14,266.0
52299,La Florida,Nariño,2022,26,IRA,3,18000,16.67,526.5
52299,La Florida,Nariño,2022,26,EDA,2,18000,11.11,417.3
52885,Yacuanquer,Nariño,2022,26,IRA,2,13000,15.38,328.5
52885,Yacuanquer,Nariño,2022,26,EDA,1,13000,7.69,210.1
52480,Nariño,Nariño,2022,26,IRA,4,22000,18.18,476.3
52480,Nariño,Nariño,2022,26,EDA,2,22000,9.09,549.0
52001,Pasto,Nariño,2022,27,IRA,79,450000,17.56,186.6
52001,Pasto,Nariño,2022,27,EDA,39,450000,8.67,373.4
52683,Sandoná,Nariño,2022,27,IRA,4,30000,13.33,319.8
52683,Sandoná,Nariño,2022,27,EDA,2,30000,6.67,351.9
52207,Consacá,Nariño,2022,27,IRA,2,14000,14.29,159.3
52207,Consacá,Nariño,2022,27,EDA,1,14000,7.14,205.0
52299,La Florida,Nariño,2022,27,IRA,3,18000,16.67,441.3
52299,La Florida,Nariño,2022,27,EDA,1,18000,5.56,525.4
52885,Yacuanquer,Nariño,2022,27,IRA,1,13000,7.69,245.3
52885,Yacuanquer,Nariño,2022,27,EDA,1,13000,7.69,538.9
52480,Nariño,Nariño,2022,27,IRA,4,22000,18.18,151.9
52480,Nariño,Nariño,2022,27,EDA,2,22000,9.09,273.4
52001,Pasto,Nariño,2022,28,IRA,53,450000,11.78,350.4
52001,Pasto,Nariño,2022,28,EDA,59,450000,13.11,183.3
52683,Sandoná,Nariño,2022,28,IRA,5,30000,16.67,198.6
52683,Sandoná,Nariño,2022,28,EDA,4,30000,13.33,329.8
52207,Consacá,Nariño,2022,28,IRA,2,14000,14.29,256.0
52207,Consacá,Nariño,2022,28,EDA,1,14000,7.14,415.7
52299,La Florida,Nariño,2022,28,IRA,1,18000,5.56,231.3
52299,La Florida,Nariño,2022,28,EDA,2,18000,11.11,456.2
52885,Yacuanquer,Nariño,2022,28,IRA,2,13000,15.38,509.9
52885,Yacuanquer,Nariño,2022,28,EDA,1,13000,7.69,360.4
52480,Nariño,Nariño,2022,28,IRA,2,22000,9.09,273.7
52480,Nariño,Nariño,2022,28,EDA,2,22000,9.09,199.2
52001,Pasto,Nariño,2022,29,IRA,72,450000,16.0,511.1
52001,Pasto,Nariño,2022,29,EDA,34,450000,7.56,221.7
52683,Sandoná,Nariño,2022,29,IRA,4,30000,13.33,493.3
52683,Sandoná,Nariño,2022,29,EDA,2,30000,6.67,332.9
52207,Consacá,Nariño,2022,29,IRA,2,14000,14.29,437.5
52207,Consacá,Nariño,2022,29,EDA,1,14000,7.14,487.6
52299,La Florida,Nariño,2022,29,IRA,2,18000,11.11,408.3
52299,La Florida,Nariño,2022,29,EDA,1,18000,5.56,153.4
52885,Yacuanquer,Nariño,2022,29,IRA,1,13000,7.69,390.9
52885,Yacuanquer,Nariño,2022,29,EDA,1,13000,7.69,507.4
52480,Nariño,Nariño,2022,29,IRA,2,22000,9.09,287.9
52480,Nariño,Nariño,2022,29,EDA,1,22000,4.55,517.5
52001,Pasto,Nariño,2022,30,IRA,57,450000,12.67,429.4
52001,Pasto,Nariño,2022,30,EDA,49,450000,10.89,302.4
52683,Sandoná,Nariño,2022,30,IRA,2,30000,6.67,380.4
52683,Sandoná,Nariño,2022,30,EDA,5,30000,16.67,500.1
52207,Consacá,Nariño,2022,30,IRA,1,14000,7.14,424.7
52207,Consacá,Nariño,2022,30,EDA,1,14000,7.14,312.0
52299,La Florida,Nariño,2022,30,IRA,1,18000,5.56,467.8
52299,La Florida,Nariño,2022,30,EDA,2,18000,11.11,143.8
52885,Yacuanquer,Nariño,2022,30,IRA,1,13000,7.69,412.0
52885,Yacuanquer,Nariño,2022,30,EDA,1,13000,7.69,143.6
52480,Nariño,Nariño,2022,30,IRA,1,22000,4.55,478.2
52480,Nariño,Nariño,2022,30,EDA,2,22000,9.09,546.2
52001,Pasto,Nariño,2022,31,IRA,45,450000,10.0,318.3
52001,Pasto,Nariño,2022,31,EDA,57,450000,12.67,286.8
52683,Sandoná,Nariño,2022,31,IRA,2,30000,6.67,336.4
52683,Sandoná,Nariño,2022,31,EDA,4,30000,13.33,486.7
52207,Consacá,Nariño,2022,31,IRA,1,14000,7.14,183.2
52207,Consacá,Nariño,2022,31,EDA,2,14000,14.29,418.6
52299,La Florida,Nariño,2022,31,IRA,2,18000,11.11,297.5
52299,La Florida,Nariño,2022,31,EDA,2,18000,11.11,396.2
52885,Yacuanquer,Nariño,2022,31,IRA,0,13000,0.0,185.6
52885,Yacuanquer,Nariño,2022,31,EDA,1,13000,7.69,555.7
52480,Nariño,Nariño,2022,31,IRA,2,22000,9.09,502.4
52480,Nariño,Nariño,2022,31,EDA,2,22000,9.09,439.1
52001,Pasto,Nariño,2022,32,IRA,45,450000,10.0,267.2
52001,Pasto,Nariño,2022,32,EDA,49,450000,10.89,464.4
52683,Sandoná,Nariño,2022,32,IRA,3,30000,10.0,481.3
52683,Sandoná,Nariño,2022,32,EDA,5,30000,16.67,394.5
52207,Consacá,Nariño,2022,32,IRA,1,14000,7.14,428.6
52207,Consacá,Nariño,2022,32,EDA,2,14000,14.29,417.9
52299,La Florida,Nariño,2022,32,IRA,1,18000,5.56,250.5
52299,La Florida,Nariño,2022,32,EDA,2,18000,11.11,305.0
52885,Yacuanquer,Nariño,2022,32,IRA,0,13000,0.0,440.1
52885,Yacuanquer,Nariño,2022,32,EDA,2,13000,15.38,221.1
52480,Nariño,Nariño,2022,32,IRA,2,22000,9.09,234.8
52480,Nariño,Nariño,2022,32,EDA,3,22000,13.64,472.6
52001,Pasto,Nariño,2022,33,IRA,40,450000,8.89,428.8
52001,Pasto,Nariño,2022,33,EDA,73,450000,16.22,502.8
52683,Sandoná,Nariño,2022,33,IRA,2,30000,6.67,516.1
52683,Sandoná,Nariño,2022,33,EDA,3,30000,10.0,183.8
52207,Consacá,Nariño,2022,33,IRA,0,14000,0.0,252.5
52207,Consacá,Nariño,2022,33,EDA,2,14000,14.29,467.6
52299,La Florida,Nariño,2022,33,IRA,0,18000,0.0,432.1
52299,La Florida,Nariño,2022,33,EDA,2,18000,11.11,180.3
52885,Yacuanquer,Nariño,2022,33,IRA,0,13000,0.0,459.6
52885,Yacuanquer,Nariño,2022,33,EDA,1,13000,7.69,478.4
52480,Nariño,Nariño,2022,33,IRA,1,22000,4.55,253.3
52480,Nariño,Nariño,2022,33,EDA,2,22000,9.09,505.3
52001,Pasto,Nariño,2022,34,IRA,26,450000,5.78,518.6
52001,Pasto,Nariño,2022,34,EDA,81,450000,18.0,552.2
52683,Sandoná,Nariño,2022,34,IRA,1,30000,3.33,528.5
52683,Sandoná,Nariño,2022,34,EDA,5,30000,16.67,519.0
52207,Consacá,Nariño,2022,34,IRA,0,14000,0.0,273.0
52207,Consacá,Nariño,2022,34,EDA,1,14000,7.14,513.3
52299,La Florida,Nariño,2022,34,IRA,0,18000,0.0,230.7
52299,La Florida,Nariño,2022,34,EDA,2,18000,11.11,390.2
52885,Yacuanquer,Nariño,2022,34,IRA,1,13000,7.69,341.9
52885,Yacuanquer,Nariño,2022,34,EDA,1,13000,7.69,453.4
52480,Nariño,Nariño,2022,34,IRA,1,22000,4.55,354.8
52480,Nariño,Nariño,2022,34,EDA,4,22000,18.18,220.5
52001,Pasto,Nariño,2022,35,IRA,27,450000,6.0,148.6
52001,Pasto,Nariño,2022,35,EDA,65,450000,14.44,481.1
52683,Sandoná,Nariño,2022,35,IRA,1,30000,3.33,482.6
52683,Sandoná,Nariño,2022,35,EDA,5,30000,16.67,482.2
52207,Consacá,Nariño,2022,35,IRA,0,14000,0.0,416.7
52207,Consacá,Nariño,2022,35,EDA,2,14000,14.29,323.9
52299,La Florida,Nariño,2022,35,IRA,1,18000,5.56,315.0
52299,La Florida,Nariño,2022,35,EDA,2,18000,11.11,234.2
52885,Yacuanquer,Nariño,2022,35,IRA,0,13000,0.0,152.7
52885,Yacuanquer,Nariño,2022,35,EDA,1,13000,7.69,512.8
52480,Nariño,Nariño,2022,35,IRA,0,22000,0.0,444.0
52480,Nariño,Nariño,2022,35,EDA,4,22000,18.18,255.9
52001,Pasto,Nariño,2022,36,IRA,27,450000,6.0,304.0
52001,Pasto,Nariño,2022,36,EDA,58,450000,12.89,321.6
52683,Sandoná,Nariño,2022,36,IRA,1,30000,3.33,224.4
52683,Sandoná,Nariño,2022,36,EDA,7,30000,23.33,283.3
52207,Consacá,Nariño,2022,36,IRA,0,14000,0.0,476.0
52207,Consacá,Nariño,2022,36,EDA,2,14000,14.29,301.1
52299,La Florida,Nariño,2022,36,IRA,1,18000,5.56,596.0
52299,La Florida,Nariño,2022,36,EDA,2,18000,11.11,553.8
52885,Yacuanquer,Nariño,2022,36,IRA,0,13000,0.0,234.0
52885,Yacuanquer,Nariño,2022,36,EDA,3,13000,23.08,561.4
52480,Nariño,Nariño,2022,36,IRA,1,22000,4.55,252.0
52480,Nariño,Nariño,2022,36,EDA,4,22000,18.18,208.4
52001,Pasto,Nariño,2022,37,IRA,29,450000,6.44,423.7
52001,Pasto,Nariño,2022,37,EDA,63,450000,14.0,321.3
52683,Sandoná,Nariño,2022,37,IRA,1,30000,3.33,170.2
52683,Sandoná,Nariño,2022,37,EDA,7,30000,23.33,270.4
52207,Consacá,Nariño,2022,37,IRA,0,14000,0.0,175.3
52207,Consacá,Nariño,2022,37,EDA,3,14000,21.43,456.9
52299,La Florida,Nariño,2022,37,IRA,1,18000,5.56,162.1
52299,La Florida,Nariño,2022,37,EDA,4,18000,22.22,344.3
52885,Yacuanquer,Nariño,2022,37,IRA,0,13000,0.0,404.2
52885,Yacuanquer,Nariño,2022,37,EDA,2,13000,15.38,223.3
52480,Nariño,Nariño,2022,37,IRA,1,22000,4.55,442.3
52480,Nariño,Nariño,2022,37,EDA,3,22000,13.64,456.7
52001,Pasto,Nariño,2022,38,IRA,30,450000,6.67,284.1
52001,Pasto,Nariño,2022,38,EDA,97,450000,21.56,221.6
52683,Sandoná,Nariño,2022,38,IRA,2,30000,6.67,206.4
52683,Sandoná,Nariño,2022,38,EDA,7,30000,23.33,212.4
52207,Consacá,Nariño,2022,38,IRA,0,14000,0.0,207.0
52207,Consacá,Nariño,2022,38,EDA,2,14000,14.29,251.0
52299,La Florida,Nariño,2022,38,IRA,0,18000,0.0,403.3
52299,La Florida,Nariño,2022,38,EDA,2,18000,11.11,488.2
52885,Yacuanquer,Nariño,2022,38,IRA,0,13000,0.0,175.5
52885,Yacuanquer,Nariño,2022,38,EDA,2,13000,15.38,254.8
52480,Nariño,Nariño,2022,38,IRA,1,22000,4.55,312.6
52480,Nariño,Nariño,2022,38,EDA,2,22000,9.09,473.2
52001,Pasto,Nariño,2022,39,IRA,40,450000,8.89,565.7
52001,Pasto,Nariño,2022,39,EDA,104,450000,23.11,233.5
52683,Sandoná,Nariño,2022,39,IRA,1,30000,3.33,409.0
52683,Sandoná,Nariño,2022,39,EDA,7,30000,23.33,210.4
52207,Consacá,Nariño,2022,39,IRA,0,14000,0.0,273.2
52207,Consacá,Nariño,2022,39,EDA,3,14000,21.43,304.6
52299,La Florida,Nariño,2022,39,IRA,1,18000,5.56,209.7
52299,La Florida,Nariño,2022,39,EDA,2,18000,11.11,180.4
52885,Yacuanquer,Nariño,2022,39,IRA,0,13000,0.0,549.4
52885,Yacuanquer,Nariño,2022,39,EDA,2,13000,15.38,518.8
52480,Nariño,Nariño,2022,39,IRA,0,22000,0.0,528.4
52480,Nariño,Nariño,2022,39,EDA,2,22000,9.09,573.8
52001,Pasto,Nariño,2022,40,IRA,39,450000,8.67,251.1
52001,Pasto,Nariño,2022,40,EDA,82,450000,18.22,384.3
52683,Sandoná,Nariño,2022,40,IRA,2,30000,6.67,603.9
52683,Sandoná,Nariño,2022,40,EDA,4,30000,13.33,572.3
52207,Consacá,Nariño,2022,40,IRA,0,14000,0.0,365.9
52207,Consacá,Nariño,2022,40,EDA,3,14000,21.43,301.6
52299,La Florida,Nariño,2022,40,IRA,1,18000,5.56,590.1
52299,La Florida,Nariño,2022,40,EDA,4,18000,22.22,489.5
52885,Yacuanquer,Nariño,2022,40,IRA,1,13000,7.69,222.5
52885,Yacuanquer,Nariño,2022,40,EDA,3,13000,23.08,195.4
52480,Nariño,Nariño,2022,40,IRA,2,22000,9.09,245.6
52480,Nariño,Nariño,2022,40,EDA,4,22000,18.18,460.5
52001,Pasto,Nariño,2022,41,IRA,50,450000,11.11,519.7
52001,Pasto,Nariño,2022,41,EDA,70,450000,15.56,366.3
52683,Sandoná,Nariño,2022,41,IRA,2,30000,6.67,186.0
52683,Sandoná,Nariño,2022,41,EDA,7,30000,23.33,602.0
52207,Consacá,Nariño,2022,41,IRA,1,14000,7.14,238.4
52207,Consacá,Nariño,2022,41,EDA,3,14000,21.43,229.3
52299,La Florida,Nariño,2022,41,IRA,1,18000,5.56,194.9
52299,La Florida,Nariño,2022,41,EDA,3,18000,16.67,332.7
52885,Yacuanquer,Nariño,2022,41,IRA,1,13000,7.69,519.5
52885,Yacuanquer,Nariño,2022,41,EDA,3,13000,23.08,467.5
52480,Nariño,Nariño,2022,41,IRA,2,22000,9.09,673.6
52480,Nariño,Nariño,2022,41,EDA,5,22000,22.73,345.0
52001,Pasto,Nariño,2022,42,IRA,49,450000,10.89,547.9
52001,Pasto,Nariño,2022,42,EDA,64,450000,14.22,527.3
52683,Sandoná,Nariño,2022,42,IRA,2,30000,6.67,359.9
52683,Sandoná,Nariño,2022,42,EDA,7,30000,23.33,380.6
52207,Consacá,Nariño,2022,42,IRA,1,14000,7.14,472.5
52207,Consacá,Nariño,2022,42,EDA,4,14000,28.57,205.6
52299,La Florida,Nariño,2022,42,IRA,2,18000,11.11,259.8
52299,La Florida,Nariño,2022,42,EDA,4,18000,22.22,628.1
52885,Yacuanquer,Nariño,2022,42,IRA,1,13000,7.69,216.3
52885,Yacuanquer,Nariño,2022,42,EDA,2,13000,15.38,304.3
52480,Nariño,Nariño,2022,42,IRA,3,22000,13.64,203.3
52480,Nariño,Nariño,2022,42,EDA,3,22000,13.64,517.6
52001,Pasto,Nariño,2022,43,IRA,51,450000,11.33,310.8
52001,Pasto,Nariño,2022,43,EDA,92,450000,20.44,620.4
52683,Sandoná,Nariño,2022,43,IRA,3,30000,10.0,650.7
52683,Sandoná,Nariño,2022,43,EDA,6,30000,20.0,247.2
52207,Consacá,Nariño,2022,43,IRA,1,14000,7.14,539.6
52207,Consacá,Nariño,2022,43,EDA,2,14000,14.29,407.8
52299,La Florida,Nariño,2022,43,IRA,2,18000,11.11,182.4
52299,La Florida,Nariño,2022,43,EDA,2,18000,11.11,512.7
52885,Yacuanquer,Nariño,2022,43,IRA,1,13000,7.69,348.8
52885,Yacuanquer,Nariño,2022,43,EDA,2,13000,15.38,295.4
52480,Nariño,Nariño,2022,43,IRA,3,22000,13.64,702.0
52480,Nariño,Nariño,2022,43,EDA,4,22000,18.18,212.0
52001,Pasto,Nariño,2022,44,IRA,50,450000,11.11,444.5
52001,Pasto,Nariño,2022,44,EDA,100,450000,22.22,537.8
52683,Sandoná,Nariño,2022,44,IRA,4,30000,13.33,558.9
52683,Sandoná,Nariño,2022,44,EDA,7,30000,23.33,252.4
52207,Consacá,Nariño,2022,44,IRA,2,14000,14.29,313.2
52207,Consacá,Nariño,2022,44,EDA,2,14000,14.29,656.4
52299,La Florida,Nariño,2022,44,IRA,3,18000,16.67,352.8
52299,La Florida,Nariño,2022,44,EDA,3,18000,16.67,584.3
52885,Yacuanquer,Nariño,2022,44,IRA,1,13000,7.69,280.7
52885,Yacuanquer,Nariño,2022,44,EDA,1,13000,7.69,592.6
52480,Nariño,Nariño,2022,44,IRA,3,22000,13.64,248.4
52480,Nariño,Nariño,2022,44,EDA,5,22000,22.73,293.9
52001,Pasto,Nariño,2022,45,IRA,101,450000,22.44,422.7
52001,Pasto,Nariño,2022,45,EDA,91,450000,20.22,648.8
52683,Sandoná,Nariño,2022,45,IRA,5,30000,16.67,256.7
52683,Sandoná,Nariño,2022,45,EDA,5,30000,16.67,733.4
52207,Consacá,Nariño,2022,45,IRA,2,14000,14.29,536.7
52207,Consacá,Nariño,2022,45,EDA,3,14000,21.43,456.2
52299,La Florida,Nariño,2022,45,IRA,3,18000,16.67,750.6
52299,La Florida,Nariño,2022,45,EDA,2,18000,11.11,484.4
52885,Yacuanquer,Nariño,2022,45,IRA,2,13000,15.38,222.3
52885,Yacuanquer,Nariño,2022,45,EDA,3,13000,23.08,682.3
52480,Nariño,Nariño,2022,45,IRA,3,22000,13.64,489.9
52480,Nariño,Nariño,2022,45,EDA,6,22000,27.27,297.2
52001,Pasto,Nariño,2022,46,IRA,91,450000,20.22,638.3
52001,Pasto,Nariño,2022,46,EDA,65,450000,14.44,432.5
52683,Sandoná,Nariño,2022,46,IRA,6,30000,20.0,729.6
52683,Sandoná,Nariño,2022,46,EDA,6,30000,20.0,430.8
52207,Consacá,Nariño,2022,46,IRA,3,14000,21.43,749.6
52207,Consacá,Nariño,2022,46,EDA,3,14000,21.43,364.2
52299,La Florida,Nariño,2022,46,IRA,4,18000,22.22,782.3
52299,La Florida,Nariño,2022,46,EDA,3,18000,16.67,280.0
52885,Yacuanquer,Nariño,2022,46,IRA,2,13000,15.38,620.0
52885,Yacuanquer,Nariño,2022,46,EDA,3,13000,23.08,379.4
52480,Nariño,Nariño,2022,46,IRA,4,22000,18.18,716.5
52480,Nariño,Nariño,2022,46,EDA,5,22000,22.73,761.3
52001,Pasto,Nariño,2022,47,IRA,107,450000,23.78,330.1
52001,Pasto,Nariño,2022,47,EDA,101,450000,22.44,385.6
52683,Sandoná,Nariño,2022,47,IRA,5,30000,16.67,621.5
52683,Sandoná,Nariño,2022,47,EDA,8,30000,26.67,607.7
52207,Consacá,Nariño,2022,47,IRA,4,14000,28.57,517.4
52207,Consacá,Nariño,2022,47,EDA,3,14000,21.43,405.2
52299,La Florida,Nariño,2022,47,IRA,2,18000,11.11,423.7
52299,La Florida,Nariño,2022,47,EDA,3,18000,16.67,558.6
52885,Yacuanquer,Nariño,2022,47,IRA,3,13000,23.08,464.0
52885,Yacuanquer,Nariño,2022,47,EDA,3,13000,23.08,726.0
52480,Nariño,Nariño,2022,47,IRA,3,22000,13.64,729.6
52480,Nariño,Nariño,2022,47,EDA,5,22000,22.73,529.0
52001,Pasto,Nariño,2022,48,IRA,67,450000,14.89,304.3
52001,Pasto,Nariño,2022,48,EDA,101,450000,22.44,339.0
52683,Sandoná,Nariño,2022,48,IRA,8,30000,26.67,314.2
52683,Sandoná,Nariño,2022,48,EDA,4,30000,13.33,371.2
52207,Consacá,Nariño,2022,48,IRA,4,14000,28.57,651.0
52207,Consacá,Nariño,2022,48,EDA,2,14000,14.29,691.0
52299,La Florida,Nariño,2022,48,IRA,2,18000,11.11,729.5
52299,La Florida,Nariño,2022,48,EDA,2,18000,11.11,763.8
52885,Yacuanquer,Nariño,2022,48,IRA,3,13000,23.08,761.8
52885,Yacuanquer,Nariño,2022,48,EDA,3,13000,23.08,568.8
52480,Nariño,Nariño,2022,48,IRA,4,22000,18.18,710.6
52480,Nariño,Nariño,2022,48,EDA,5,22000,22.73,394.8
52001,Pasto,Nariño,2022,49,IRA,135,450000,30.0,822.9
52001,Pasto,Nariño,2022,49,EDA,79,450000,17.56,842.7
52683,Sandoná,Nariño,2022,49,IRA,11,30000,36.67,422.0
52683,Sandoná,Nariño,2022,49,EDA,6,30000,20.0,226.2
52207,Consacá,Nariño,2022,49,IRA,2,14000,14.29,623.1
52207,Consacá,Nariño,2022,49,EDA,3,14000,21.43,786.1
52299,La Florida,Nariño,2022,49,IRA,6,18000,33.33,813.1
52299,La Florida,Nariño,2022,49,EDA,4,18000,22.22,640.8
52885,Yacuanquer,Nariño,2022,49,IRA,4,13000,30.77,574.8
52885,Yacuanquer,Nariño,2022,49,EDA,2,13000,15.38,724.7
52480,Nariño,Nariño,2022,49,IRA,8,22000,36.36,409.9
52480,Nariño,Nariño,2022,49,EDA,3,22000,13.64,663.7
52001,Pasto,Nariño,2022,50,IRA,98,450000,21.78,339.8
52001,Pasto,Nariño,2022,50,EDA,84,450000,18.67,476.1
52683,Sandoná,Nariño,2022,50,IRA,8,30000,26.67,596.4
52683,Sandoná,Nariño,2022,50,EDA,3,30000,10.0,614.7
52207,Consacá,Nariño,2022,50,IRA,3,14000,21.43,444.9
52207,Consacá,Nariño,2022,50,EDA,3,14000,21.43,327.1
52299,La Florida,Nariño,2022,50,IRA,3,18000,16.67,439.6
52299,La Florida,Nariño,2022,50,EDA,2,18000,11.11,848.2
52885,Yacuanquer,Nariño,2022,50,IRA,4,13000,30.77,666.9
52885,Yacuanquer,Nariño,2022,50,EDA,2,13000,15.38,607.1
52480,Nariño,Nariño,2022,50,IRA,5,22000,22.73,748.8
52480,Nariño,Nariño,2022,50,EDA,3,22000,13.64,370.8
52001,Pasto,Nariño,2022,51,IRA,106,450000,23.56,275.6
52001,Pasto,Nariño,2022,51,EDA,80,450000,17.78,514.2
52683,Sandoná,Nariño,2022,51,IRA,9,30000,30.0,291.9
52683,Sandoná,Nariño,2022,51,EDA,4,30000,13.33,375.2
52207,Consacá,Nariño,2022,51,IRA,3,14000,21.43,476.4
52207,Consacá,Nariño,2022,51,EDA,1,14000,7.14,745.3
52299,La Florida,Nariño,2022,51,IRA,5,18000,27.78,912.8
52299,La Florida,Nariño,2022,51,EDA,4,18000,22.22,902.1
52885,Yacuanquer,Nariño,2022,51,IRA,2,13000,15.38,687.9
52885,Yacuanquer,Nariño,2022,51,EDA,2,13000,15.38,849.5
52480,Nariño,Nariño,2022,51,IRA,7,22000,31.82,655.1
52480,Nariño,Nariño,2022,51,EDA,5,22000,22.73,697.2
52001,Pasto,Nariño,2022,52,IRA,131,450000,29.11,876.6
52001,Pasto,Nariño,2022,52,EDA,104,450000,23.11,504.6
52683,Sandoná,Nariño,2022,52,IRA,10,30000,33.33,432.3
52683,Sandoná,Nariño,2022,52,EDA,6,30000,20.0,810.7
52207,Consacá,Nariño,2022,52,IRA,4,14000,28.57,797.2
52207,Consacá,Nariño,2022,52,EDA,2,14000,14.29,264.7
52299,La Florida,Nariño,2022,52,IRA,8,18000,44.44,369.0
52299,La Florida,Nariño,2022,52,EDA,3,18000,16.67,899.2
52885,Yacuanquer,Nariño,2022,52,IRA,3,13000,23.08,904.9
52885,Yacuanquer,Nariño,2022,52,EDA,2,13000,15.38,239.0
52480,Nariño,Nariño,2022,52,IRA,4,22000,18.18,704.2
52480,Nariño,Nariño,2022,52,EDA,4,22000,18.18,840.8
52001,Pasto,Nariño,2023,1,IRA,154,450000,34.22,310.5
52001,Pasto,Nariño,2023,1,EDA,74,450000,16.44,735.7
52683,Sandoná,Nariño,2023,1,IRA,15,30000,50.0,787.2
52683,Sandoná,Nariño,2023,1,EDA,5,30000,16.67,904.0
52207,Consacá,Nariño,2023,1,IRA,6,14000,42.86,345.9
52207,Consacá,Nariño,2023,1,EDA,2,14000,14.29,472.3
52299,La Florida,Nariño,2023,1,IRA,4,18000,22.22,275.2
52299,La Florida,Nariño,2023,1,EDA,3,18000,16.67,633.0
52885,Yacuanquer,Nariño,2023,1,IRA,5,13000,38.46,398.4
52885,Yacuanquer,Nariño,2023,1,EDA,1,13000,7.69,512.3
52480,Nariño,Nariño,2023,1,IRA,8,22000,36.36,544.2
52480,Nariño,Nariño,2023,1,EDA,2,22000,9.09,714.8
52001,Pasto,Nariño,2023,2,IRA,179,450000,39.78,677.8
52001,Pasto,Nariño,2023,2,EDA,75,450000,16.67,757.4
52683,Sandoná,Nariño,2023,2,IRA,12,30000,40.0,719.1
52683,Sandoná,Nariño,2023,2,EDA,3,30000,10.0,877.1
52207,Consacá,Nariño,2023,2,IRA,3,14000,21.43,779.0
52207,Consacá,Nariño,2023,2,EDA,1,14000,7.14,291.9
52299,La Florida,Nariño,2023,2,IRA,8,18000,44.44,536.1
52299,La Florida,Nariño,2023,2,EDA,2,18000,11.11,691.2
52885,Yacuanquer,Nariño,2023,2,IRA,4,13000,30.77,602.7
52885,Yacuanquer,Nariño,2023,2,EDA,1,13000,7.69,503.7
52480,Nariño,Nariño,2023,2,IRA,10,22000,45.45,611.3
52480,Nariño,Nariño,2023,2,EDA,4,22000,18.18,332.0
52001,Pasto,Nariño,2023,3,IRA,209,450000,46.44,847.8
52001,Pasto,Nariño,2023,3,EDA,79,450000,17.56,722.2
52683,Sandoná,Nariño,2023,3,IRA,11,30000,36.67,871.8
52683,Sandoná,Nariño,2023,3,EDA,4,30000,13.33,603.8
52207,Consacá,Nariño,2023,3,IRA,3,14000,21.43,230.0
52207,Consacá,Nariño,2023,3,EDA,2,14000,14.29,591.6
52299,La Florida,Nariño,2023,3,IRA,9,18000,50.0,433.6
52299,La Florida,Nariño,2023,3,EDA,3,18000,16.67,840.6
52885,Yacuanquer,Nariño,2023,3,IRA,4,13000,30.77,507.0
52885,Yacuanquer,Nariño,2023,3,EDA,2,13000,15.38,574.9
52480,Nariño,Nariño,2023,3,IRA,6,22000,27.27,376.6
52480,Nariño,Nariño,2023,3,EDA,3,22000,13.64,358.6
52001,Pasto,Nariño,2023,4,IRA,142,450000,31.56,751.3
52001,Pasto,Nariño,2023,4,EDA,76,450000,16.89,785.6
52683,Sandoná,Nariño,2023,4,IRA,17,30000,56.67,880.4
52683,Sandoná,Nariño,2023,4,EDA,3,30000,10.0,585.5
52207,Consacá,Nariño,2023,4,IRA,4,14000,28.57,265.7
52207,Consacá,Nariño,2023,4,EDA,1,14000,7.14,702.2
52299,La Florida,Nariño,2023,4,IRA,7,18000,38.89,440.4
52299,La Florida,Nariño,2023,4,EDA,1,18000,5.56,655.7
52885,Yacuanquer,Nariño,2023,4,IRA,3,13000,23.08,631.9
52885,Yacuanquer,Nariño,2023,4,EDA,2,13000,15.38,431.8
52480,Nariño,Nariño,2023,4,IRA,9,22000,40.91,629.7
52480,Nariño,Nariño,2023,4,EDA,2,22000,9.09,608.4
52001,Pasto,Nariño,2023,5,IRA,209,450000,46.44,450.8
52001,Pasto,Nariño,2023,5,EDA,47,450000,10.44,492.0
52683,Sandoná,Nariño,2023,5,IRA,8,30000,26.67,374.3
52683,Sandoná,Nariño,2023,5,EDA,2,30000,6.67,693.2
52207,Consacá,Nariño,2023,5,IRA,5,14000,35.71,758.0
52207,Consacá,Nariño,2023,5,EDA,1,14000,7.14,688.8
52299,La Florida,Nariño,2023,5,IRA,10,18000,55.56,514.3
52299,La Florida,Nariño,2023,5,EDA,1,18000,5.56,412.7
52885,Yacuanquer,Nariño,2023,5,IRA,5,13000,38.46,328.9
52885,Yacuanquer,Nariño,2023,5,EDA,1,13000,7.69,759.1
52480,Nariño,Nariño,2023,5,IRA,12,22000,54.55,305.8
52480,Nariño,Nariño,2023,5,EDA,2,22000,9.09,385.4
52001,Pasto,Nariño,2023,6,IRA,268,450000,59.56,257.5
52001,Pasto,Nariño,2023,6,EDA,33,450000,7.33,221.2
52683,Sandoná,Nariño,2023,6,IRA,13,30000,43.33,229.1
52683,Sandoná,Nariño,2023,6,EDA,3,30000,10.0,464.0
52207,Consacá,Nariño,2023,6,IRA,6,14000,42.86,779.0
52207,Consacá,Nariño,2023,6,EDA,1,14000,7.14,551.0
52299,La Florida,Nariño,2023,6,IRA,11,18000,61.11,506.1
52299,La Florida,Nariño,2023,6,EDA,2,18000,11.11,439.3
52885,Yacuanquer,Nariño,2023,6,IRA,4,13000,30.77,694.7
52885,Yacuanquer,Nariño,2023,6,EDA,1,13000,7.69,392.3
52480,Nariño,Nariño,2023,6,IRA,9,22000,40.91,530.2
52480,Nariño,Nariño,2023,6,EDA,2,22000,9.09,525.0
52001,Pasto,Nariño,2023,7,IRA,237,450000,52.67,721.2
52001,Pasto,Nariño,2023,7,EDA,58,450000,12.89,578.4
52683,Sandoná,Nariño,2023,7,IRA,10,30000,33.33,517.4
52683,Sandoná,Nariño,2023,7,EDA,3,30000,10.0,312.9
52207,Consacá,Nariño,2023,7,IRA,8,14000,57.14,606.1
52207,Consacá,Nariño,2023,7,EDA,2,14000,14.29,652.8
52299,La Florida,Nariño,2023,7,IRA,8,18000,44.44,422.5
52299,La Florida,Nariño,2023,7,EDA,1,18000,5.56,501.2
52885,Yacuanquer,Nariño,2023,7,IRA,3,13000,23.08,429.0
52885,Yacuanquer,Nariño,2023,7,EDA,0,13000,0.0,329.7
52480,Nariño,Nariño,2023,7,IRA,13,22000,59.09,424.0
52480,Nariño,Nariño,2023,7,EDA,2,22000,9.09,481.0
52001,Pasto,Nariño,2023,8,IRA,135,450000,30.0,778.5
52001,Pasto,Nariño,2023,8,EDA,37,450000,8.22,614.5
52683,Sandoná,Nariño,2023,8,IRA,14,30000,46.67,689.1
52683,Sandoná,Nariño,2023,8,EDA,3,30000,10.0,353.5
52207,Consacá,Nariño,2023,8,IRA,6,14000,42.86,300.5
52207,Consacá,Nariño,2023,8,EDA,1,14000,7.14,413.9
52299,La Florida,Nariño,2023,8,IRA,9,18000,50.0,692.5
52299,La Florida,Nariño,2023,8,EDA,1,18000,5.56,420.5
52885,Yacuanquer,Nariño,2023,8,IRA,8,13000,61.54,503.4
52885,Yacuanquer,Nariño,2023,8,EDA,1,13000,7.69,711.6
52480,Nariño,Nariño,2023,8,IRA,10,22000,45.45,483.1
52480,Nariño,Nariño,2023,8,EDA,2,22000,9.09,494.8
52001,Pasto,Nariño,2023,9,IRA,153,450000,34.0,286.7
52001,Pasto,Nariño,2023,9,EDA,26,450000,5.78,561.3
52683,Sandoná,Nariño,2023,9,IRA,11,30000,36.67,298.9
52683,Sandoná,Nariño,2023,9,EDA,2,30000,6.67,603.7
52207,Consacá,Nariño,2023,9,IRA,4,14000,28.57,323.9
52207,Consacá,Nariño,2023,9,EDA,1,14000,7.14,605.4
52299,La Florida,Nariño,2023,9,IRA,8,18000,44.44,466.6
52299,La Florida,Nariño,2023,9,EDA,1,18000,5.56,284.2
52885,Yacuanquer,Nariño,2023,9,IRA,7,13000,53.85,204.4
52885,Yacuanquer,Nariño,2023,9,EDA,0,13000,0.0,521.0
52480,Nariño,Nariño,2023,9,IRA,7,22000,31.82,553.2
52480,Nariño,Nariño,2023,9,EDA,1,22000,4.55,520.3
52001,Pasto,Nariño,2023,10,IRA,139,450000,30.89,329.5
52001,Pasto,Nariño,2023,10,EDA,26,450000,5.78,719.3
52683,Sandoná,Nariño,2023,10,IRA,15,30000,50.0,499.5
52683,Sandoná,Nariño,2023,10,EDA,1,30000,3.33,586.4
52207,Consacá,Nariño,2023,10,IRA,7,14000,50.0,343.5
52207,Consacá,Nariño,2023,10,EDA,0,14000,0.0,435.8
52299,La Florida,Nariño,2023,10,IRA,12,18000,66.67,668.7
52299,La Florida,Nariño,2023,10,EDA,1,18000,5.56,648.1
52885,Yacuanquer,Nariño,2023,10,IRA,6,13000,46.15,628.2
52885,Yacuanquer,Nariño,2023,10,EDA,1,13000,7.69,286.9
52480,Nariño,Nariño,2023,10,IRA,11,22000,50.0,333.0
52480,Nariño,Nariño,2023,10,EDA,2,22000,9.09,376.5
52001,Pasto,Nariño,2023,11,IRA,207,450000,46.0,498.6
52001,Pasto,Nariño,2023,11,EDA,25,450000,5.56,387.9
52683,Sandoná,Nariño,2023,11,IRA,9,30000,30.0,289.1
52683,Sandoná,Nariño,2023,11,EDA,2,30000,6.67,452.1
52207,Consacá,Nariño,2023,11,IRA,6,14000,42.86,260.6
52207,Consacá,Nariño,2023,11,EDA,0,14000,0.0,436.7
52299,La Florida,Nariño,2023,11,IRA,9,18000,50.0,201.0
52299,La Florida,Nariño,2023,11,EDA,1,18000,5.56,451.5
52885,Yacuanquer,Nariño,2023,11,IRA,4,13000,30.77,440.2
52885,Yacuanquer,Nariño,2023,11,EDA,0,13000,0.0,505.6
52480,Nariño,Nariño,2023,11,IRA,13,22000,59.09,664.0
52480,Nariño,Nariño,2023,11,EDA,1,22000,4.55,530.3
52001,Pasto,Nariño,2023,12,IRA,216,450000,48.0,368.1
52001,Pasto,Nariño,2023,12,EDA,19,450000,4.22,451.5
52683,Sandoná,Nariño,2023,12,IRA,11,30000,36.67,594.0
52683,Sandoná,Nariño,2023,12,EDA,2,30000,6.67,373.8
52207,Consacá,Nariño,2023,12,IRA,7,14000,50.0,562.1
52207,Consacá,Nariño,2023,12,EDA,1,14000,7.14,538.8
52299,La Florida,Nariño,2023,12,IRA,5,18000,27.78,244.4
52299,La Florida,Nariño,2023,12,EDA,1,18000,5.56,296.0
52885,Yacuanquer,Nariño,2023,12,IRA,7,13000,53.85,322.5
52885,Yacuanquer,Nariño,2023,12,EDA,1,13000,7.69,388.1
52480,Nariño,Nariño,2023,12,IRA,7,22000,31.82,545.3
52480,Nariño,Nariño,2023,12,EDA,1,22000,4.55,476.7
52001,Pasto,Nariño,2023,13,IRA,145,450000,32.22,172.7
52001,Pasto,Nariño,2023,13,EDA,31,450000,6.89,517.9
52683,Sandoná,Nariño,2023,13,IRA,11,30000,36.67,352.8
52683,Sandoná,Nariño,2023,13,EDA,1,30000,3.33,499.5
52207,Consacá,Nariño,2023,13,IRA,5,14000,35.71,602.7
52207,Consacá,Nariño,2023,13,EDA,0,14000,0.0,354.5
52299,La Florida,Nariño,2023,13,IRA,6,18000,33.33,514.3
52299,La Florida,Nariño,2023,13,EDA,1,18000,5.56,378.6
52885,Yacuanquer,Nariño,2023,13,IRA,7,13000,53.85,413.8
52885,Yacuanquer,Nariño,2023,13,EDA,0,13000,0.0,450.5
52480,Nariño,Nariño,2023,13,IRA,8,22000,36.36,324.6
52480,Nariño,Nariño,2023,13,EDA,1,22000,4.55,526.9
52001,Pasto,Nariño,2023,14,IRA,243,450000,54.0,585.0
52001,Pasto,Nariño,2023,14,EDA,29,450000,6.44,532.2
52683,Sandoná,Nariño,2023,14,IRA,13,30000,43.33,508.3
52683,Sandoná,Nariño,2023,14,EDA,1,30000,3.33,269.7
52207,Consacá,Nariño,2023,14,IRA,5,14000,35.71,330.7
52207,Consacá,Nariño,2023,14,EDA,0,14000,0.0,507.2
52299,La Florida,Nariño,2023,14,IRA,9,18000,50.0,243.2
52299,La Florida,Nariño,2023,14,EDA,1,18000,5.56,166.7
52885,Yacuanquer,Nariño,2023,14,IRA,3,13000,23.08,235.6
52885,Yacuanquer,Nariño,2023,14,EDA,1,13000,7.69,378.4
52480,Nariño,Nariño,2023,14,IRA,6,22000,27.27,273.3
52480,Nariño,Nariño,2023,14,EDA,0,22000,0.0,182.7
52001,Pasto,Nariño,2023,15,IRA,180,450000,40.0,630.4
52001,Pasto,Nariño,2023,15,EDA,27,450000,6.0,408.7
52683,Sandoná,Nariño,2023,15,IRA,15,30000,50.0,445.3
52683,Sandoná,Nariño,2023,15,EDA,2,30000,6.67,551.9
52207,Consacá,Nariño,2023,15,IRA,6,14000,42.86,369.5
52207,Consacá,Nariño,2023,15,EDA,0,14000,0.0,473.7
52299,La Florida,Nariño,2023,15,IRA,9,18000,50.0,296.3
52299,La Florida,Nariño,2023,15,EDA,0,18000,0.0,446.3
52885,Yacuanquer,Nariño,2023,15,IRA,5,13000,38.46,270.3
52885,Yacuanquer,Nariño,2023,15,EDA,0,13000,0.0,176.7
52480,Nariño,Nariño,2023,15,IRA,7,22000,31.82,159.6
52480,Nariño,Nariño,2023,15,EDA,0,22000,0.0,636.3
52001,Pasto,Nariño,2023,16,IRA,234,450000,52.0,319.7
52001,Pasto,Nariño,2023,16,EDA,22,450000,4.89,428.2
52683,Sandoná,Nariño,2023,16,IRA,12,30000,40.0,498.5
52683,Sandoná,Nariño,2023,16,EDA,1,30000,3.33,197.2
52207,Consacá,Nariño,2023,16,IRA,4,14000,28.57,541.7
52207,Consacá,Nariño,2023,16,EDA,1,14000,7.14,317.4
52299,La Florida,Nariño,2023,16,IRA,10,18000,55.56,284.0
52299,La Florida,Nariño,2023,16,EDA,1,18000,5.56,245.9
52885,Yacuanquer,Nariño,2023,16,IRA,7,13000,53.85,423.0
52885,Yacuanquer,Nariño,2023,16,EDA,0,13000,0.0,344.9
52480,Nariño,Nariño,2023,16,IRA,6,22000,27.27,189.0
52480,Nariño,Nariño,2023,16,EDA,0,22000,0.0,596.3
52001,Pasto,Nariño,2023,17,IRA,228,450000,50.67,586.3
52001,Pasto,Nariño,2023,17,EDA,31,450000,6.89,521.0
52683,Sandoná,Nariño,2023,17,IRA,12,30000,40.0,467.0
52683,Sandoná,Nariño,2023,17,EDA,2,30000,6.67,407.4
52207,Consacá,Nariño,2023,17,IRA,6,14000,42.86,495.7
52207,Consacá,Nariño,2023,17,EDA,1,14000,7.14,360.0
52299,La Florida,Nariño,2023,17,IRA,7,18000,38.89,418.2
52299,La Florida,Nariño,2023,17,EDA,0,18000,0.0,204.3
52885,Yacuanquer,Nariño,2023,17,IRA,3,13000,23.08,439.5
52885,Yacuanquer,Nariño,2023,17,EDA,0,13000,0.0,459.1
52480,Nariño,Nariño,2023,17,IRA,7,22000,31.82,295.0
52480,Nariño,Nariño,2023,17,EDA,1,22000,4.55,386.2
52001,Pasto,Nariño,2023,18,IRA,106,450000,23.56,518.2
52001,Pasto,Nariño,2023,18,EDA,19,450000,4.22,189.6
52683,Sandoná,Nariño,2023,18,IRA,13,30000,43.33,513.3
52683,Sandoná,Nariño,2023,18,EDA,1,30000,3.33,562.3
52207,Consacá,Nariño,2023,18,IRA,5,14000,35.71,305.4
52207,Consacá,Nariño,2023,18,EDA,0,14000,0.0,267.8
52299,La Florida,Nariño,2023,18,IRA,9,18000,50.0,451.9
52299,La Florida,Nariño,2023,18,EDA,1,18000,5.56,370.1
52885,Yacuanquer,Nariño,2023,18,IRA,3,13000,23.08,475.2
52885,Yacuanquer,Nariño,2023,18,EDA,0,13000,0.0,240.1
52480,Nariño,Nariño,2023,18,IRA,6,22000,27.27,259.2
52480,Nariño,Nariño,2023,18,EDA,1,22000,4.55,217.6
52001,Pasto,Nariño,2023,19,IRA,112,450000,24.89,546.9
52001,Pasto,Nariño,2023,19,EDA,28,450000,6.22,434.9
52683,Sandoná,Nariño,2023,19,IRA,11,30000,36.67,478.9
52683,Sandoná,Nariño,2023,19,EDA,1,30000,3.33,163.9
52207,Consacá,Nariño,2023,19,IRA,5,14000,35.71,416.2
52207,Consacá,Nariño,2023,19,EDA,0,14000,0.0,575.4
52299,La Florida,Nariño,2023,19,IRA,8,18000,44.44,524.5
52299,La Florida,Nariño,2023,19,EDA,0,18000,0.0,574.9
52885,Yacuanquer,Nariño,2023,19,IRA,6,13000,46.15,267.7
52885,Yacuanquer,Nariño,2023,19,EDA,0,13000,0.0,397.0
52480,Nariño,Nariño,2023,19,IRA,5,22000,22.73,494.2
52480,Nariño,Nariño,2023,19,EDA,1,22000,4.55,381.4
52001,Pasto,Nariño,2023,20,IRA,154,450000,34.22,312.4
52001,Pasto,Nariño,2023,20,EDA,30,450000,6.67,218.3
52683,Sandoná,Nariño,2023,20,IRA,14,30000,46.67,443.2
52683,Sandoná,Nariño,2023,20,EDA,1,30000,3.33,439.3
52207,Consacá,Nariño,2023,20,IRA,2,14000,14.29,233.8
52207,Consacá,Nariño,2023,20,EDA,0,14000,0.0,283.0
52299,La Florida,Nariño,2023,20,IRA,6,18000,33.33,254.8
52299,La Florida,Nariño,2023,20,EDA,1,18000,5.56,245.1
52885,Yacuanquer,Nariño,2023,20,IRA,4,13000,30.77,406.6
52885,Yacuanquer,Nariño,2023,20,EDA,0,13000,0.0,357.5
52480,Nariño,Nariño,2023,20,IRA,5,22000,22.73,444.3
52480,Nariño,Nariño,2023,20,EDA,1,22000,4.55,510.3
52001,Pasto,Nariño,2023,21,IRA,117,450000,26.0,218.0
52001,Pasto,Nariño,2023,21,EDA,19,450000,4.22,386.2
52683,Sandoná,Nariño,2023,21,IRA,7,30000,23.33,184.0
52683,Sandoná,Nariño,2023,21,EDA,1,30000,3.33,241.7
52207,Consacá,Nariño,2023,21,IRA,4,14000,28.57,303.3
52207,Consacá,Nariño,2023,21,EDA,0,14000,0.0,548.9
52299,La Florida,Nariño,2023,21,IRA,4,18000,22.22,483.7
52299,La Florida,Nariño,2023,21,EDA,0,18000,0.0,353.7
52885,Yacuanquer,Nariño,2023,21,IRA,5,13000,38.46,502.3
52885,Yacuanquer,Nariño,2023,21,EDA,0,13000,0.0,447.6
52480,Nariño,Nariño,2023,21,IRA,8,22000,36.36,269.0
52480,Nariño,Nariño,2023,21,EDA,1,22000,4.55,382.7
52001,Pasto,Nariño,2023,22,IRA,120,450000,26.67,431.6
52001,Pasto,Nariño,2023,22,EDA,19,450000,4.22,483.5
52683,Sandoná,Nariño,2023,22,IRA,8,30000,26.67,406.0
52683,Sandoná,Nariño,2023,22,EDA,1,30000,3.33,281.6
52207,Consacá,Nariño,2023,22,IRA,3,14000,21.43,376.7
52207,Consacá,Nariño,2023,22,EDA,1,14000,7.14,249.1
52299,La Florida,Nariño,2023,22,IRA,3,18000,16.67,191.6
52299,La Florida,Nariño,2023,22,EDA,1,18000,5.56,546.5
52885,Yacuanquer,Nariño,2023,22,IRA,2,13000,15.38,383.2
52885,Yacuanquer,Nariño,2023,22,EDA,0,13000,0.0,214.1
52480,Nariño,Nariño,2023,22,IRA,7,22000,31.82,290.2
52480,Nariño,Nariño,2023,22,EDA,1,22000,4.55,346.0
52001,Pasto,Nariño,2023,23,IRA,142,450000,31.56,513.7
52001,Pasto,Nariño,2023,23,EDA,29,450000,6.44,260.4
52683,Sandoná,Nariño,2023,23,IRA,8,30000,26.67,200.9
52683,Sandoná,Nariño,2023,23,EDA,1,30000,3.33,479.3
52207,Consacá,Nariño,2023,23,IRA,3,14000,21.43,405.2
52207,Consacá,Nariño,2023,23,EDA,1,14000,7.14,496.6
52299,La Florida,Nariño,2023,23,IRA,3,18000,16.67,208.1
52299,La Florida,Nariño,2023,23,EDA,1,18000,5.56,273.1
52885,Yacuanquer,Nariño,2023,23,IRA,2,13000,15.38,252.4
52885,Yacuanquer,Nariño,2023,23,EDA,1,13000,7.69,254.0
52480,Nariño,Nariño,2023,23,IRA,5,22000,22.73,502.5
52480,Nariño,Nariño,2023,23,EDA,1,22000,4.55,386.6
52001,Pasto,Nariño,2023,24,IRA,148,450000,32.89,314.2
52001,Pasto,Nariño,2023,24,EDA,26,450000,5.78,149.9
52683,Sandoná,Nariño,2023,24,IRA,8,30000,26.67,418.5
52683,Sandoná,Nariño,2023,24,EDA,3,30000,10.0,434.8
52207,Consacá,Nariño,2023,24,IRA,2,14000,14.29,210.3
52207,Consacá,Nariño,2023,24,EDA,0,14000,0.0,167.0
52299,La Florida,Nariño,2023,24,IRA,5,18000,27.78,370.7
52299,La Florida,Nariño,2023,24,EDA,0,18000,0.0,307.1
52885,Yacuanquer,Nariño,2023,24,IRA,3,13000,23.08,175.2
52885,Yacuanquer,Nariño,2023,24,EDA,0,13000,0.0,205.4
52480,Nariño,Nariño,2023,24,IRA,5,22000,22.73,512.4
52480,Nariño,Nariño,2023,24,EDA,1,22000,4.55,244.2
52001,Pasto,Nariño,2023,25,IRA,80,450000,17.78,405.6
52001,Pasto,Nariño,2023,25,EDA,27,450000,6.0,495.3
52683,Sandoná,Nariño,2023,25,IRA,4,30000,13.33,421.3
52683,Sandoná,Nariño,2023,25,EDA,3,30000,10.0,278.3
52207,Consacá,Nariño,2023,25,IRA,2,14000,14.29,552.9
52207,Consacá,Nariño,2023,25,EDA,1,14000,7.14,256.0
52299,La Florida,Nariño,2023,25,IRA,3,18000,16.67,550.6
52299,La Florida,Nariño,2023,25,EDA,1,18000,5.56,215.7
52885,Yacuanquer,Nariño,2023,25,IRA,3,13000,23.08,407.6
52885,Yacuanquer,Nariño,2023,25,EDA,1,13000,7.69,379.2
52480,Nariño,Nariño,2023,25,IRA,4,22000,18.18,411.2
52480,Nariño,Nariño,2023,25,EDA,1,22000,4.55,287.6
52001,Pasto,Nariño,2023,26,IRA,88,450000,19.56,485.4
52001,Pasto,Nariño,2023,26,EDA,41,450000,9.11,298.2
52683,Sandoná,Nariño,2023,26,IRA,4,30000,13.33,271.7
52683,Sandoná,Nariño,2023,26,EDA,1,30000,3.33,490.0
52207,Consacá,Nariño,2023,26,IRA,3,14000,21.43,288.9
52207,Consacá,Nariño,2023,26,EDA,1,14000,7.14,145.7
52299,La Florida,Nariño,2023,26,IRA,4,18000,22.22,546.1
52299,La Florida,Nariño,2023,26,EDA,1,18000,5.56,146.1
52885,Yacuanquer,Nariño,2023,26,IRA,2,13000,15.38,267.1
52885,Yacuanquer,Nariño,2023,26,EDA,0,13000,0.0,145.3
52480,Nariño,Nariño,2023,26,IRA,3,22000,13.64,317.8
52480,Nariño,Nariño,2023,26,EDA,2,22000,9.09,310.6
52001,Pasto,Nariño,2023,27,IRA,55,450000,12.22,462.7
52001,Pasto,Nariño,2023,27,EDA,43,450000,9.56,307.6
52683,Sandoná,Nariño,2023,27,IRA,4,30000,13.33,326.6
52683,Sandoná,Nariño,2023,27,EDA,2,30000,6.67,474.5
52207,Consacá,Nariño,2023,27,IRA,3,14000,21.43,493.1
52207,Consacá,Nariño,2023,27,EDA,1,14000,7.14,267.1
52299,La Florida,Nariño,2023,27,IRA,3,18000,16.67,493.7
52299,La Florida,Nariño,2023,27,EDA,1,18000,5.56,513.0
52885,Yacuanquer,Nariño,2023,27,IRA,1,13000,7.69,269.3
52885,Yacuanquer,Nariño,2023,27,EDA,1,13000,7.69,411.1
52480,Nariño,Nariño,2023,27,IRA,3,22000,13.64,413.3
52480,Nariño,Nariño,2023,27,EDA,1,22000,4.55,152.5
52001,Pasto,Nariño,2023,28,IRA,41,450000,9.11,381.7
52001,Pasto,Nariño,2023,28,EDA,38,450000,8.44,191.5
52683,Sandoná,Nariño,2023,28,IRA,3,30000,10.0,460.9
52683,Sandoná,Nariño,2023,28,EDA,4,30000,13.33,248.9
52207,Consacá,Nariño,2023,28,IRA,1,14000,7.14,363.5
52207,Consacá,Nariño,2023,28,EDA,1,14000,7.14,283.5
52299,La Florida,Nariño,2023,28,IRA,3,18000,16.67,585.2
52299,La Florida,Nariño,2023,28,EDA,1,18000,5.56,494.4
52885,Yacuanquer,Nariño,2023,28,IRA,1,13000,7.69,517.3
52885,Yacuanquer,Nariño,2023,28,EDA,2,13000,15.38,171.2
52480,Nariño,Nariño,2023,28,IRA,3,22000,13.64,177.9
52480,Nariño,Nariño,2023,28,EDA,2,22000,9.09,231.0
52001,Pasto,Nariño,2023,29,IRA,71,450000,15.78,516.1
52001,Pasto,Nariño,2023,29,EDA,70,450000,15.56,204.2
52683,Sandoná,Nariño,2023,29,IRA,4,30000,13.33,261.2
52683,Sandoná,Nariño,2023,29,EDA,4,30000,13.33,348.2
52207,Consacá,Nariño,2023,29,IRA,2,14000,14.29,164.5
52207,Consacá,Nariño,2023,29,EDA,1,14000,7.14,495.3
52299,La Florida,Nariño,2023,29,IRA,2,18000,11.11,590.0
52299,La Florida,Nariño,2023,29,EDA,2,18000,11.11,455.2
52885,Yacuanquer,Nariño,2023,29,IRA,1,13000,7.69,294.4
52885,Yacuanquer,Nariño,2023,29,EDA,1,13000,7.69,168.4
52480,Nariño,Nariño,2023,29,IRA,3,22000,13.64,383.2
52480,Nariño,Nariño,2023,29,EDA,2,22000,9.09,435.9
52001,Pasto,Nariño,2023,30,IRA,36,450000,8.0,560.4
52001,Pasto,Nariño,2023,30,EDA,77,450000,17.11,253.0
52683,Sandoná,Nariño,2023,30,IRA,2,30000,6.67,443.5
52683,Sandoná,Nariño,2023,30,EDA,3,30000,10.0,229.8
52207,Consacá,Nariño,2023,30,IRA,1,14000,7.14,207.9
52207,Consacá,Nariño,2023,30,EDA,2,14000,14.29,157.1
52299,La Florida,Nariño,2023,30,IRA,1,18000,5.56,512.6
52299,La Florida,Nariño,2023,30,EDA,2,18000,11.11,426.7
52885,Yacuanquer,Nariño,2023,30,IRA,1,13000,7.69,194.1
52885,Yacuanquer,Nariño,2023,30,EDA,1,13000,7.69,195.0
52480,Nariño,Nariño,2023,30,IRA,2,22000,9.09,580.3
52480,Nariño,Nariño,2023,30,EDA,4,22000,18.18,439.9
52001,Pasto,Nariño,2023,31,IRA,26,450000,5.78,460.5
52001,Pasto,Nariño,2023,31,EDA,74,450000,16.44,529.7
52683,Sandoná,Nariño,2023,31,IRA,1,30000,3.33,266.5
52683,Sandoná,Nariño,2023,31,EDA,5,30000,16.67,528.3
52207,Consacá,Nariño,2023,31,IRA,1,14000,7.14,536.3
52207,Consacá,Nariño,2023,31,EDA,1,14000,7.14,247.8
52299,La Florida,Nariño,2023,31,IRA,1,18000,5.56,325.6
52299,La Florida,Nariño,2023,31,EDA,1,18000,5.56,580.1
52885,Yacuanquer,Nariño,2023,31,IRA,1,13000,7.69,363.0
52885,Yacuanquer,Nariño,2023,31,EDA,1,13000,7.69,485.2
52480,Nariño,Nariño,2023,31,IRA,1,22000,4.55,244.8
52480,Nariño,Nariño,2023,31,EDA,2,22000,9.09,501.8
52001,Pasto,Nariño,2023,32,IRA,28,450000,6.22,563.8
52001,Pasto,Nariño,2023,32,EDA,91,450000,20.22,429.8
52683,Sandoná,Nariño,2023,32,IRA,1,30000,3.33,236.4
52683,Sandoná,Nariño,2023,32,EDA,3,30000,10.0,288.8
52207,Consacá,Nariño,2023,32,IRA,0,14000,0.0,161.7
52207,Consacá,Nariño,2023,32,EDA,2,14000,14.29,344.8
52299,La Florida,Nariño,2023,32,IRA,1,18000,5.56,170.4
52299,La Florida,Nariño,2023,32,EDA,3,18000,16.67,537.0
52885,Yacuanquer,Nariño,2023,32,IRA,0,13000,0.0,510.4
52885,Yacuanquer,Nariño,2023,32,EDA,2,13000,15.38,422.2
52480,Nariño,Nariño,2023,32,IRA,1,22000,4.55,415.0
52480,Nariño,Nariño,2023,32,EDA,3,22000,13.64,428.3
52001,Pasto,Nariño,2023,33,IRA,32,450000,7.11,326.9
52001,Pasto,Nariño,2023,33,EDA,80,450000,17.78,221.2
52683,Sandoná,Nariño,2023,33,IRA,2,30000,6.67,199.4
52683,Sandoná,Nariño,2023,33,EDA,6,30000,20.0,230.8
52207,Consacá,Nariño,2023,33,IRA,1,14000,7.14,266.8
52207,Consacá,Nariño,2023,33,EDA,2,14000,14.29,215.3
52299,La Florida,Nariño,2023,33,IRA,1,18000,5.56,582.9
52299,La Florida,Nariño,2023,33,EDA,3,18000,16.67,428.2
52885,Yacuanquer,Nariño,2023,33,IRA,1,13000,7.69,293.7
52885,Yacuanquer,Nariño,2023,33,EDA,1,13000,7.69,468.1
52480,Nariño,Nariño,2023,33,IRA,0,22000,0.0,629.7
52480,Nariño,Nariño,2023,33,EDA,2,22000,9.09,411.0
52001,Pasto,Nariño,2023,34,IRA,35,450000,7.78,212.3
52001,Pasto,Nariño,2023,34,EDA,95,450000,21.11,202.4
52683,Sandoná,Nariño,2023,34,IRA,1,30000,3.33,653.2
52683,Sandoná,Nariño,2023,34,EDA,4,30000,13.33,360.8
52207,Consacá,Nariño,2023,34,IRA,0,14000,0.0,594.4
52207,Consacá,Nariño,2023,34,EDA,1,14000,7.14,192.1
52299,La Florida,Nariño,2023,34,IRA,0,18000,0.0,327.4
52299,La Florida,Nariño,2023,34,EDA,4,18000,22.22,664.7
52885,Yacuanquer,Nariño,2023,34,IRA,0,13000,0.0,543.8
52885,Yacuanquer,Nariño,2023,34,EDA,2,13000,15.38,268.6
52480,Nariño,Nariño,2023,34,IRA,1,22000,4.55,299.0
52480,Nariño,Nariño,2023,34,EDA,4,22000,18.18,263.1
52001,Pasto,Nariño,2023,35,IRA,29,450000,6.44,396.7
52001,Pasto,Nariño,2023,35,EDA,55,450000,12.22,515.1
52683,Sandoná,Nariño,2023,35,IRA,1,30000,3.33,419.7
52683,Sandoná,Nariño,2023,35,EDA,6,30000,20.0,644.5
52207,Consacá,Nariño,2023,35,IRA,0,14000,0.0,272.2
52207,Consacá,Nariño,2023,35,EDA,2,14000,14.29,355.5
52299,La Florida,Nariño,2023,35,IRA,0,18000,0.0,705.7
52299,La Florida,Nariño,2023,35,EDA,3,18000,16.67,363.3
52885,Yacuanquer,Nariño,2023,35,IRA,0,13000,0.0,702.0
52885,Yacuanquer,Nariño,2023,35,EDA,1,13000,7.69,373.6
52480,Nariño,Nariño,2023,35,IRA,1,22000,4.55,404.8
52480,Nariño,Nariño,2023,35,EDA,4,22000,18.18,499.1
52001,Pasto,Nariño,2023,36,IRA,25,450000,5.56,299.3
52001,Pasto,Nariño,2023,36,EDA,101,450000,22.44,688.7
52683,Sandoná,Nariño,2023,36,IRA,1,30000,3.33,708.1
52683,Sandoná,Nariño,2023,36,EDA,5,30000,16.67,399.4
52207,Consacá,Nariño,2023,36,IRA,0,14000,0.0,719.8
52207,Consacá,Nariño,2023,36,EDA,2,14000,14.29,465.3
52299,La Florida,Nariño,2023,36,IRA,1,18000,5.56,347.3
52299,La Florida,Nariño,2023,36,EDA,2,18000,11.11,303.6
52885,Yacuanquer,Nariño,2023,36,IRA,0,13000,0.0,194.1
52885,Yacuanquer,Nariño,2023,36,EDA,3,13000,23.08,559.4
52480,Nariño,Nariño,2023,36,IRA,0,22000,0.0,485.0
52480,Nariño,Nariño,2023,36,EDA,4,22000,18.18,688.6
52001,Pasto,Nariño,2023,37,IRA,17,450000,3.78,209.4
52001,Pasto,Nariño,2023,37,EDA,76,450000,16.89,266.2
52683,Sandoná,Nariño,2023,37,IRA,1,30000,3.33,516.6
52683,Sandoná,Nariño,2023,37,EDA,4,30000,13.33,645.7
52207,Consacá,Nariño,2023,37,IRA,0,14000,0.0,413.7
52207,Consacá,Nariño,2023,37,EDA,3,14000,21.43,602.4
52299,La Florida,Nariño,2023,37,IRA,1,18000,5.56,635.5
52299,La Florida,Nariño,2023,37,EDA,2,18000,11.11,654.0
52885,Yacuanquer,Nariño,2023,37,IRA,0,13000,0.0,513.2
52885,Yacuanquer,Nariño,2023,37,EDA,3,13000,23.08,524.0
52480,Nariño,Nariño,2023,37,IRA,1,22000,4.55,600.4
52480,Nariño,Nariño,2023,37,EDA,4,22000,18.18,232.4
52001,Pasto,Nariño,2023,38,IRA,17,450000,3.78,642.7
52001,Pasto,Nariño,2023,38,EDA,78,450000,17.33,669.6
52683,Sandoná,Nariño,2023,38,IRA,1,30000,3.33,699.1
52683,Sandoná,Nariño,2023,38,EDA,7,30000,23.33,326.0
52207,Consacá,Nariño,2023,38,IRA,0,14000,0.0,544.6
52207,Consacá,Nariño,2023,38,EDA,1,14000,7.14,646.5
52299,La Florida,Nariño,2023,38,IRA,0,18000,0.0,371.4
52299,La Florida,Nariño,2023,38,EDA,2,18000,11.11,508.3
52885,Yacuanquer,Nariño,2023,38,IRA,0,13000,0.0,486.4
52885,Yacuanquer,Nariño,2023,38,EDA,2,13000,15.38,223.4
52480,Nariño,Nariño,2023,38,IRA,1,22000,4.55,422.7
52480,Nariño,Nariño,2023,38,EDA,4,22000,18.18,540.4
52001,Pasto,Nariño,2023,39,IRA,30,450000,6.67,333.3
52001,Pasto,Nariño,2023,39,EDA,76,450000,16.89,436.6
52683,Sandoná,Nariño,2023,39,IRA,1,30000,3.33,249.5
52683,Sandoná,Nariño,2023,39,EDA,6,30000,20.0,229.6
52207,Consacá,Nariño,2023,39,IRA,0,14000,0.0,251.1
52207,Consacá,Nariño,2023,39,EDA,2,14000,14.29,664.3
52299,La Florida,Nariño,2023,39,IRA,0,18000,0.0,280.9
52299,La Florida,Nariño,2023,39,EDA,3,18000,16.67,492.7
52885,Yacuanquer,Nariño,2023,39,IRA,0,13000,0.0,317.7
52885,Yacuanquer,Nariño,2023,39,EDA,2,13000,15.38,641.4
52480,Nariño,Nariño,2023,39,IRA,1,22000,4.55,243.0
52480,Nariño,Nariño,2023,39,EDA,5,22000,22.73,394.1
52001,Pasto,Nariño,2023,40,IRA,46,450000,10.22,261.4
52001,Pasto,Nariño,2023,40,EDA,106,450000,23.56,467.7
52683,Sandoná,Nariño,2023,40,IRA,2,30000,6.67,404.2
52683,Sandoná,Nariño,2023,40,EDA,6,30000,20.0,221.0
52207,Consacá,Nariño,2023,40,IRA,0,14000,0.0,816.4
52207,Consacá,Nariño,2023,40,EDA,3,14000,21.43,817.9
52299,La Florida,Nariño,2023,40,IRA,1,18000,5.56,296.1
52299,La Florida,Nariño,2023,40,EDA,2,18000,11.11,711.6
52885,Yacuanquer,Nariño,2023,40,IRA,0,13000,0.0,437.0
52885,Yacuanquer,Nariño,2023,40,EDA,3,13000,23.08,733.0
52480,Nariño,Nariño,2023,40,IRA,1,22000,4.55,239.7
52480,Nariño,Nariño,2023,40,EDA,6,22000,27.27,778.7
52001,Pasto,Nariño,2023,41,IRA,53,450000,11.78,733.4
52001,Pasto,Nariño,2023,41,EDA,58,450000,12.89,653.0
52683,Sandoná,Nariño,2023,41,IRA,1,30000,3.33,498.1
52683,Sandoná,Nariño,2023,41,EDA,3,30000,10.0,344.8
52207,Consacá,Nariño,2023,41,IRA,1,14000,7.14,341.5
52207,Consacá,Nariño,2023,41,EDA,3,14000,21.43,376.4
52299,La Florida,Nariño,2023,41,IRA,1,18000,5.56,676.0
52299,La Florida,Nariño,2023,41,EDA,2,18000,11.11,656.2
52885,Yacuanquer,Nariño,2023,41,IRA,0,13000,0.0,582.6
52885,Yacuanquer,Nariño,2023,41,EDA,3,13000,23.08,239.6
52480,Nariño,Nariño,2023,41,IRA,1,22000,4.55,392.5
52480,Nariño,Nariño,2023,41,EDA,5,22000,22.73,604.8
52001,Pasto,Nariño,2023,42,IRA,30,450000,6.67,645.4
52001,Pasto,Nariño,2023,42,EDA,58,450000,12.89,471.6
52683,Sandoná,Nariño,2023,42,IRA,2,30000,6.67,774.3
52683,Sandoná,Nariño,2023,42,EDA,7,30000,23.33,782.3
52207,Consacá,Nariño,2023,42,IRA,0,14000,0.0,784.3
52207,Consacá,Nariño,2023,42,EDA,3,14000,21.43,368.7
52299,La Florida,Nariño,2023,42,IRA,1,18000,5.56,855.7
52299,La Florida,Nariño,2023,42,EDA,2,18000,11.11,423.8
52885,Yacuanquer,Nariño,2023,42,IRA,1,13000,7.69,565.0
52885,Yacuanquer,Nariño,2023,42,EDA,2,13000,15.38,544.8
52480,Nariño,Nariño,2023,42,IRA,2,22000,9.09,822.8
52480,Nariño,Nariño,2023,42,EDA,2,22000,9.09,379.3
52001,Pasto,Nariño,2023,43,IRA,57,450000,12.67,446.9
52001,Pasto,Nariño,2023,43,EDA,87,450000,19.33,328.6
52683,Sandoná,Nariño,2023,43,IRA,3,30000,10.0,459.2
52683,Sandoná,Nariño,2023,43,EDA,7,30000,23.33,381.7
52207,Consacá,Nariño,2023,43,IRA,2,14000,14.29,559.3
52207,Consacá,Nariño,2023,43,EDA,3,14000,21.43,642.7
52299,La Florida,Nariño,2023,43,IRA,2,18000,11.11,820.0
52299,La Florida,Nariño,2023,43,EDA,4,18000,22.22,243.1
52885,Yacuanquer,Nariño,2023,43,IRA,1,13000,7.69,411.1
52885,Yacuanquer,Nariño,2023,43,EDA,2,13000,15.38,824.6
52480,Nariño,Nariño,2023,43,IRA,3,22000,13.64,282.2
52480,Nariño,Nariño,2023,43,EDA,4,22000,18.18,867.1
52001,Pasto,Nariño,2023,44,IRA,71,450000,15.78,658.1
52001,Pasto,Nariño,2023,44,EDA,74,450000,16.44,393.7
52683,Sandoná,Nariño,2023,44,IRA,3,30000,10.0,894.9
52683,Sandoná,Nariño,2023,44,EDA,8,30000,26.67,454.8
52207,Consacá,Nariño,2023,44,IRA,2,14000,14.29,370.7
52207,Consacá,Nariño,2023,44,EDA,2,14000,14.29,600.3
52299,La Florida,Nariño,2023,44,IRA,3,18000,16.67,820.8
52299,La Florida,Nariño,2023,44,EDA,3,18000,16.67,712.7
52885,Yacuanquer,Nariño,2023,44,IRA,1,13000,7.69,321.6
52885,Yacuanquer,Nariño,2023,44,EDA,3,13000,23.08,898.5
52480,Nariño,Nariño,2023,44,IRA,2,22000,9.09,869.1
52480,Nariño,Nariño,2023,44,EDA,6,22000,27.27,446.7
52001,Pasto,Nariño,2023,45,IRA,78,450000,17.33,899.5
52001,Pasto,Nariño,2023,45,EDA,65,450000,14.44,456.7
52683,Sandoná,Nariño,2023,45,IRA,6,30000,20.0,744.0
52683,Sandoná,Nariño,2023,45,EDA,7,30000,23.33,851.4
52207,Consacá,Nariño,2023,45,IRA,2,14000,14.29,522.4
52207,Consacá,Nariño,2023,45,EDA,2,14000,14.29,889.1
52299,La Florida,Nariño,2023,45,IRA,3,18000,16.67,888.7
52299,La Florida,Nariño,2023,45,EDA,3,18000,16.67,780.5
52885,Yacuanquer,Nariño,2023,45,IRA,1,13000,7.69,363.5
52885,Yacuanquer,Nariño,2023,45,EDA,3,13000,23.08,663.3
52480,Nariño,Nariño,2023,45,IRA,2,22000,9.09,631.8
52480,Nariño,Nariño,2023,45,EDA,3,22000,13.64,396.8
52001,Pasto,Nariño,2023,46,IRA,98,450000,21.78,495.9
52001,Pasto,Nariño,2023,46,EDA,107,450000,23.78,579.9
52683,Sandoná,Nariño,2023,46,IRA,5,30000,16.67,671.6
52683,Sandoná,Nariño,2023,46,EDA,7,30000,23.33,506.4
52207,Consacá,Nariño,2023,46,IRA,3,14000,21.43,590.5
52207,Consacá,Nariño,2023,46,EDA,2,14000,14.29,377.0
52299,La Florida,Nariño,2023,46,IRA,2,18000,11.11,786.0
52299,La Florida,Nariño,2023,46,EDA,2,18000,11.11,431.9
52885,Yacuanquer,Nariño,2023,46,IRA,2,13000,15.38,770.2
52885,Yacuanquer,Nariño,2023,46,EDA,3,13000,23.08,781.2
52480,Nariño,Nariño,2023,46,IRA,2,22000,9.09,902.4
52480,Nariño,Nariño,2023,46,EDA,6,22000,27.27,859.5
52001,Pasto,Nariño,2023,47,IRA,96,450000,21.33,479.9
52001,Pasto,Nariño,2023,47,EDA,88,450000,19.56,423.0
52683,Sandoná,Nariño,2023,47,IRA,5,30000,16.67,273.5
52683,Sandoná,Nariño,2023,47,EDA,7,30000,23.33,520.4
52207,Consacá,Nariño,2023,47,IRA,2,14000,14.29,688.9
52207,Consacá,Nariño,2023,47,EDA,3,14000,21.43,676.0
52299,La Florida,Nariño,2023,47,IRA,3,18000,16.67,881.6
52299,La Florida,Nariño,2023,47,EDA,4,18000,22.22,622.7
52885,Yacuanquer,Nariño,2023,47,IRA,2,13000,15.38,846.1
52885,Yacuanquer,Nariño,2023,47,EDA,1,13000,7.69,969.1
52480,Nariño,Nariño,2023,47,IRA,4,22000,18.18,531.5
52480,Nariño,Nariño,2023,47,EDA,5,22000,22.73,649.7
52001,Pasto,Nariño,2023,48,IRA,109,450000,24.22,714.3
52001,Pasto,Nariño,2023,48,EDA,57,450000,12.67,462.8
52683,Sandoná,Nariño,2023,48,IRA,6,30000,20.0,472.7
52683,Sandoná,Nariño,2023,48,EDA,7,30000,23.33,588.9
52207,Consacá,Nariño,2023,48,IRA,3,14000,21.43,701.3
52207,Consacá,Nariño,2023,48,EDA,1,14000,7.14,630.1
52299,La Florida,Nariño,2023,48,IRA,3,18000,16.67,862.0
52299,La Florida,Nariño,2023,48,EDA,3,18000,16.67,782.5
52885,Yacuanquer,Nariño,2023,48,IRA,2,13000,15.38,824.1
52885,Yacuanquer,Nariño,2023,48,EDA,3,13000,23.08,762.8
52480,Nariño,Nariño,2023,48,IRA,3,22000,13.64,553.5
52480,Nariño,Nariño,2023,48,EDA,4,22000,18.18,379.6
52001,Pasto,Nariño,2023,49,IRA,128,450000,28.44,786.0
52001,Pasto,Nariño,2023,49,EDA,66,450000,14.67,592.2
52683,Sandoná,Nariño,2023,49,IRA,6,30000,20.0,770.3
52683,Sandoná,Nariño,2023,49,EDA,7,30000,23.33,849.0
52207,Consacá,Nariño,2023,49,IRA,4,14000,28.57,343.3
52207,Consacá,Nariño,2023,49,EDA,1,14000,7.14,588.2
52299,La Florida,Nariño,2023,49,IRA,4,18000,22.22,644.1
52299,La Florida,Nariño,2023,49,EDA,3,18000,16.67,845.0
52885,Yacuanquer,Nariño,2023,49,IRA,3,13000,23.08,964.2
52885,Yacuanquer,Nariño,2023,49,EDA,2,13000,15.38,536.5
52480,Nariño,Nariño,2023,49,IRA,7,22000,31.82,936.0
52480,Nariño,Nariño,2023,49,EDA,4,22000,18.18,746.1
52001,Pasto,Nariño,2023,50,IRA,94,450000,20.89,914.1
52001,Pasto,Nariño,2023,50,EDA,62,450000,13.78,794.9
52683,Sandoná,Nariño,2023,50,IRA,8,30000,26.67,488.8
52683,Sandoná,Nariño,2023,50,EDA,6,30000,20.0,592.8
52207,Consacá,Nariño,2023,50,IRA,4,14000,28.57,342.9
52207,Consacá,Nariño,2023,50,EDA,1,14000,7.14,407.7
52299,La Florida,Nariño,2023,50,IRA,5,18000,27.78,445.9
52299,La Florida,Nariño,2023,50,EDA,3,18000,16.67,904.0
52885,Yacuanquer,Nariño,2023,50,IRA,3,13000,23.08,257.8
52885,Yacuanquer,Nariño,2023,50,EDA,3,13000,23.08,434.4
52480,Nariño,Nariño,2023,50,IRA,6,22000,27.27,615.2
52480,Nariño,Nariño,2023,50,EDA,3,22000,13.64,313.9
52001,Pasto,Nariño,2023,51,IRA,154,450000,34.22,443.8
52001,Pasto,Nariño,2023,51,EDA,83,450000,18.44,731.8
52683,Sandoná,Nariño,2023,51,IRA,9,30000,30.0,889.5
52683,Sandoná,Nariño,2023,51,EDA,3,30000,10.0,369.8
52207,Consacá,Nariño,2023,51,IRA,4,14000,28.57,284.1
52207,Consacá,Nariño,2023,51,EDA,3,14000,21.43,768.0
52299,La Florida,Nariño,2023,51,IRA,7,18000,38.89,485.1
52299,La Florida,Nariño,2023,51,EDA,4,18000,22.22,293.6
52885,Yacuanquer,Nariño,2023,51,IRA,3,13000,23.08,392.8
52885,Yacuanquer,Nariño,2023,51,EDA,2,13000,15.38,725.1
52480,Nariño,Nariño,2023,51,IRA,8,22000,36.36,712.7
52480,Nariño,Nariño,2023,51,EDA,4,22000,18.18,392.1
52001,Pasto,Nariño,2023,52,IRA,148,450000,32.89,705.6
52001,Pasto,Nariño,2023,52,EDA,103,450000,22.89,329.8
52683,Sandoná,Nariño,2023,52,IRA,8,30000,26.67,542.9
52683,Sandoná,Nariño,2023,52,EDA,4,30000,13.33,310.2
52207,Consacá,Nariño,2023,52,IRA,4,14000,28.57,683.6
52207,Consacá,Nariño,2023,52,EDA,1,14000,7.14,361.9
52299,La Florida,Nariño,2023,52,IRA,7,18000,38.89,470.1
52299,La Florida,Nariño,2023,52,EDA,3,18000,16.67,663.6
52885,Yacuanquer,Nariño,2023,52,IRA,5,13000,38.46,731.2
52885,Yacuanquer,Nariño,2023,52,EDA,1,13000,7.69,822.2
52480,Nariño,Nariño,2023,52,IRA,8,22000,36.36,1021.4
52480,Nariño,Nariño,2023,52,EDA,3,22000,13.64,790.5
52001,Pasto,Nariño,2024,1,IRA,221,450000,49.11,781.9
52001,Pasto,Nariño,2024,1,EDA,60,450000,13.33,558.2
52683,Sandoná,Nariño,2024,1,IRA,9,30000,30.0,508.8
52683,Sandoná,Nariño,2024,1,EDA,6,30000,20.0,407.2
52207,Consacá,Nariño,2024,1,IRA,3,14000,21.43,530.9
52207,Consacá,Nariño,2024,1,EDA,2,14000,14.29,571.9
52299,La Florida,Nariño,2024,1,IRA,6,18000,33.33,304.1
52299,La Florida,Nariño,2024,1,EDA,3,18000,16.67,617.3
52885,Yacuanquer,Nariño,2024,1,IRA,6,13000,46.15,198.4
52885,Yacuanquer,Nariño,2024,1,EDA,1,13000,7.69,568.1
52480,Nariño,Nariño,2024,1,IRA,5,22000,22.73,700.0
52480,Nariño,Nariño,2024,1,EDA,4,22000,18.18,789.4
52001,Pasto,Nariño,2024,2,IRA,162,450000,36.0,383.3
52001,Pasto,Nariño,2024,2,EDA,71,450000,15.78,557.8
52683,Sandoná,Nariño,2024,2,IRA,7,30000,23.33,307.1
52683,Sandoná,Nariño,2024,2,EDA,3,30000,10.0,645.6
52207,Consacá,Nariño,2024,2,IRA,4,14000,28.57,482.7
52207,Consacá,Nariño,2024,2,EDA,1,14000,7.14,195.0
52299,La Florida,Nariño,2024,2,IRA,8,18000,44.44,387.7
52299,La Florida,Nariño,2024,2,EDA,3,18000,16.67,545.5
52885,Yacuanquer,Nariño,2024,2,IRA,3,13000,23.08,292.4
52885,Yacuanquer,Nariño,2024,2,EDA,1,13000,7.69,385.7
52480,Nariño,Nariño,2024,2,IRA,9,22000,40.91,717.9
52480,Nariño,Nariño,2024,2,EDA,4,22000,18.18,562.5
52001,Pasto,Nariño,2024,3,IRA,180,450000,40.0,534.9
52001,Pasto,Nariño,2024,3,EDA,84,450000,18.67,484.7
52683,Sandoná,Nariño,2024,3,IRA,10,30000,33.33,622.3
52683,Sandoná,Nariño,2024,3,EDA,3,30000,10.0,599.2
52207,Consacá,Nariño,2024,3,IRA,7,14000,50.0,352.3
52207,Consacá,Nariño,2024,3,EDA,2,14000,14.29,361.3
52299,La Florida,Nariño,2024,3,IRA,7,18000,38.89,301.6
52299,La Florida,Nariño,2024,3,EDA,2,18000,11.11,630.9
52885,Yacuanquer,Nariño,2024,3,IRA,6,13000,46.15,382.6
52885,Yacuanquer,Nariño,2024,3,EDA,2,13000,15.38,341.8
52480,Nariño,Nariño,2024,3,IRA,5,22000,22.73,733.4
52480,Nariño,Nariño,2024,3,EDA,3,22000,13.64,654.8
52001,Pasto,Nariño,2024,4,IRA,202,450000,44.89,390.1
52001,Pasto,Nariño,2024,4,EDA,64,450000,14.22,646.5
52683,Sandoná,Nariño,2024,4,IRA,15,30000,50.0,560.5
52683,Sandoná,Nariño,2024,4,EDA,3,30000,10.0,197.0
52207,Consacá,Nariño,2024,4,IRA,5,14000,35.71,448.1
52207,Consacá,Nariño,2024,4,EDA,1,14000,7.14,423.8
52299,La Florida,Nariño,2024,4,IRA,10,18000,55.56,296.5
52299,La Florida,Nariño,2024,4,EDA,2,18000,11.11,240.5
52885,Yacuanquer,Nariño,2024,4,IRA,6,13000,46.15,599.7
52885,Yacuanquer,Nariño,2024,4,EDA,2,13000,15.38,419.4
52480,Nariño,Nariño,2024,4,IRA,5,22000,22.73,440.4
52480,Nariño,Nariño,2024,4,EDA,2,22000,9.09,282.5
52001,Pasto,Nariño,2024,5,IRA,266,450000,59.11,557.5
52001,Pasto,Nariño,2024,5,EDA,56,450000,12.44,580.0
52683,Sandoná,Nariño,2024,5,IRA,9,30000,30.0,630.3
52683,Sandoná,Nariño,2024,5,EDA,4,30000,13.33,665.0
52207,Consacá,Nariño,2024,5,IRA,7,14000,50.0,243.8
52207,Consacá,Nariño,2024,5,EDA,2,14000,14.29,414.6
52299,La Florida,Nariño,2024,5,IRA,9,18000,50.0,447.6
52299,La Florida,Nariño,2024,5,EDA,1,18000,5.56,662.0
52885,Yacuanquer,Nariño,2024,5,IRA,6,13000,46.15,485.2
52885,Yacuanquer,Nariño,2024,5,EDA,1,13000,7.69,418.6
52480,Nariño,Nariño,2024,5,IRA,6,22000,27.27,446.6
52480,Nariño,Nariño,2024,5,EDA,3,22000,13.64,337.8
52001,Pasto,Nariño,2024,6,IRA,217,450000,48.22,327.4
52001,Pasto,Nariño,2024,6,EDA,67,450000,14.89,331.8
52683,Sandoná,Nariño,2024,6,IRA,10,30000,33.33,309.4
52683,Sandoná,Nariño,2024,6,EDA,2,30000,6.67,392.8
52207,Consacá,Nariño,2024,6,IRA,4,14000,28.57,244.8
52207,Consacá,Nariño,2024,6,EDA,1,14000,7.14,176.8
52299,La Florida,Nariño,2024,6,IRA,9,18000,50.0,429.8
52299,La Florida,Nariño,2024,6,EDA,1,18000,5.56,346.7
52885,Yacuanquer,Nariño,2024,6,IRA,5,13000,38.46,240.9
52885,Yacuanquer,Nariño,2024,6,EDA,1,13000,7.69,312.7
52480,Nariño,Nariño,2024,6,IRA,7,22000,31.82,205.2
52480,Nariño,Nariño,2024,6,EDA,2,22000,9.09,340.9
52001,Pasto,Nariño,2024,7,IRA,200,450000,44.44,228.1
52001,Pasto,Nariño,2024,7,EDA,46,450000,10.22,496.6
52683,Sandoná,Nariño,2024,7,IRA,9,30000,30.0,190.6
52683,Sandoná,Nariño,2024,7,EDA,2,30000,6.67,252.2
52207,Consacá,Nariño,2024,7,IRA,7,14000,50.0,455.9
52207,Consacá,Nariño,2024,7,EDA,1,14000,7.14,508.4
52299,La Florida,Nariño,2024,7,IRA,9,18000,50.0,317.9
52299,La Florida,Nariño,2024,7,EDA,2,18000,11.11,515.0
52885,Yacuanquer,Nariño,2024,7,IRA,6,13000,46.15,426.7
52885,Yacuanquer,Nariño,2024,7,EDA,1,13000,7.69,536.1
52480,Nariño,Nariño,2024,7,IRA,9,22000,40.91,229.0
52480,Nariño,Nariño,2024,7,EDA,2,22000,9.09,616.8
52001,Pasto,Nariño,2024,8,IRA,207,450000,46.0,377.4
52001,Pasto,Nariño,2024,8,EDA,49,450000,10.89,499.2
52683,Sandoná,Nariño,2024,8,IRA,13,30000,43.33,270.3
52683,Sandoná,Nariño,2024,8,EDA,2,30000,6.67,571.4
52207,Consacá,Nariño,2024,8,IRA,7,14000,50.0,596.2
52207,Consacá,Nariño,2024,8,EDA,1,14000,7.14,494.2
52299,La Florida,Nariño,2024,8,IRA,9,18000,50.0,536.8
52299,La Florida,Nariño,2024,8,EDA,2,18000,11.11,376.3
52885,Yacuanquer,Nariño,2024,8,IRA,3,13000,23.08,386.9
52885,Yacuanquer,Nariño,2024,8,EDA,1,13000,7.69,380.1
52480,Nariño,Nariño,2024,8,IRA,7,22000,31.82,526.9
52480,Nariño,Nariño,2024,8,EDA,2,22000,9.09,220.4
52001,Pasto,Nariño,2024,9,IRA,146,450000,32.44,536.0
52001,Pasto,Nariño,2024,9,EDA,48,450000,10.67,307.0
52683,Sandoná,Nariño,2024,9,IRA,16,30000,53.33,524.3
52683,Sandoná,Nariño,2024,9,EDA,2,30000,6.67,341.9
52207,Consacá,Nariño,2024,9,IRA,6,14000,42.86,444.4
52207,Consacá,Nariño,2024,9,EDA,1,14000,7.14,608.9
52299,La Florida,Nariño,2024,9,IRA,7,18000,38.89,313.9
52299,La Florida,Nariño,2024,9,EDA,1,18000,5.56,430.5
52885,Yacuanquer,Nariño,2024,9,IRA,7,13000,53.85,358.0
52885,Yacuanquer,Nariño,2024,9,EDA,1,13000,7.69,408.9
52480,Nariño,Nariño,2024,9,IRA,8,22000,36.36,463.9
52480,Nariño,Nariño,2024,9,EDA,1,22000,4.55,588.8
52001,Pasto,Nariño,2024,10,IRA,228,450000,50.67,372.6
52001,Pasto,Nariño,2024,10,EDA,38,450000,8.44,361.9
52683,Sandoná,Nariño,2024,10,IRA,15,30000,50.0,525.1
52683,Sandoná,Nariño,2024,10,EDA,1,30000,3.33,585.9
52207,Consacá,Nariño,2024,10,IRA,4,14000,28.57,200.9
52207,Consacá,Nariño,2024,10,EDA,1,14000,7.14,502.0
52299,La Florida,Nariño,2024,10,IRA,7,18000,38.89,376.1
52299,La Florida,Nariño,2024,10,EDA,1,18000,5.56,192.6
52885,Yacuanquer,Nariño,2024,10,IRA,7,13000,53.85,554.7
52885,Yacuanquer,Nariño,2024,10,EDA,1,13000,7.69,440.6
52480,Nariño,Nariño,2024,10,IRA,6,22000,27.27,218.2
52480,Nariño,Nariño,2024,10,EDA,1,22000,4.55,392.9
52001,Pasto,Nariño,2024,11,IRA,196,450000,43.56,405.2
52001,Pasto,Nariño,2024,11,EDA,25,450000,5.56,451.2
52683,Sandoná,Nariño,2024,11,IRA,12,30000,40.0,401.8
52683,Sandoná,Nariño,2024,11,EDA,2,30000,6.67,283.6
52207,Consacá,Nariño,2024,11,IRA,9,14000,64.29,341.5
52207,Consacá,Nariño,2024,11,EDA,1,14000,7.14,301.3
52299,La Florida,Nariño,2024,11,IRA,5,18000,27.78,151.8
52299,La Florida,Nariño,2024,11,EDA,1,18000,5.56,327.9
52885,Yacuanquer,Nariño,2024,11,IRA,4,13000,30.77,279.0
52885,Yacuanquer,Nariño,2024,11,EDA,0,13000,0.0,392.2
52480,Nariño,Nariño,2024,11,IRA,6,22000,27.27,460.9
52480,Nariño,Nariño,2024,11,EDA,2,22000,9.09,307.9
52001,Pasto,Nariño,2024,12,IRA,274,450000,60.89,523.2
52001,Pasto,Nariño,2024,12,EDA,23,450000,5.11,451.8
52683,Sandoná,Nariño,2024,12,IRA,13,30000,43.33,284.2
52683,Sandoná,Nariño,2024,12,EDA,1,30000,3.33,311.9
52207,Consacá,Nariño,2024,12,IRA,6,14000,42.86,434.5
52207,Consacá,Nariño,2024,12,EDA,0,14000,0.0,227.6
52299,La Florida,Nariño,2024,12,IRA,7,18000,38.89,548.8
52299,La Florida,Nariño,2024,12,EDA,1,18000,5.56,212.7
52885,Yacuanquer,Nariño,2024,12,IRA,8,13000,61.54,437.8
52885,Yacuanquer,Nariño,2024,12,EDA,0,13000,0.0,176.7
52480,Nariño,Nariño,2024,12,IRA,6,22000,27.27,460.2
52480,Nariño,Nariño,2024,12,EDA,1,22000,4.55,336.0
52001,Pasto,Nariño,2024,13,IRA,292,450000,64.89,179.6
52001,Pasto,Nariño,2024,13,EDA,31,450000,6.89,321.9
52683,Sandoná,Nariño,2024,13,IRA,13,30000,43.33,482.2
52683,Sandoná,Nariño,2024,13,EDA,2,30000,6.67,326.1
52207,Consacá,Nariño,2024,13,IRA,4,14000,28.57,362.1
52207,Consacá,Nariño,2024,13,EDA,0,14000,0.0,336.6
52299,La Florida,Nariño,2024,13,IRA,7,18000,38.89,223.0
52299,La Florida,Nariño,2024,13,EDA,1,18000,5.56,391.5
52885,Yacuanquer,Nariño,2024,13,IRA,7,13000,53.85,244.9
52885,Yacuanquer,Nariño,2024,13,EDA,0,13000,0.0,319.7
52480,Nariño,Nariño,2024,13,IRA,10,22000,45.45,300.9
52480,Nariño,Nariño,2024,13,EDA,1,22000,4.55,387.3
52001,Pasto,Nariño,2024,14,IRA,238,450000,52.89,189.6
52001,Pasto,Nariño,2024,14,EDA,25,450000,5.56,434.8
52683,Sandoná,Nariño,2024,14,IRA,9,30000,30.0,452.1
52683,Sandoná,Nariño,2024,14,EDA,2,30000,6.67,559.3
52207,Consacá,Nariño,2024,14,IRA,7,14000,50.0,339.0
52207,Consacá,Nariño,2024,14,EDA,0,14000,0.0,519.5
52299,La Florida,Nariño,2024,14,IRA,5,18000,27.78,342.2
52299,La Florida,Nariño,2024,14,EDA,1,18000,5.56,549.5
52885,Yacuanquer,Nariño,2024,14,IRA,3,13000,23.08,410.7
52885,Yacuanquer,Nariño,2024,14,EDA,0,13000,0.0,274.3
52480,Nariño,Nariño,2024,14,IRA,6,22000,27.27,287.5
52480,Nariño,Nariño,2024,14,EDA,1,22000,4.55,340.7
52001,Pasto,Nariño,2024,15,IRA,201,450000,44.67,338.3
52001,Pasto,Nariño,2024,15,EDA,29,450000,6.44,318.0
52683,Sandoná,Nariño,2024,15,IRA,18,30000,60.0,476.9
52683,Sandoná,Nariño,2024,15,EDA,1,30000,3.33,155.4
52207,Consacá,Nariño,2024,15,IRA,8,14000,57.14,456.4
52207,Consacá,Nariño,2024,15,EDA,0,14000,0.0,378.1
52299,La Florida,Nariño,2024,15,IRA,5,18000,27.78,339.9
52299,La Florida,Nariño,2024,15,EDA,0,18000,0.0,162.3
52885,Yacuanquer,Nariño,2024,15,IRA,8,13000,61.54,481.4
52885,Yacuanquer,Nariño,2024,15,EDA,0,13000,0.0,261.4
52480,Nariño,Nariño,2024,15,IRA,6,22000,27.27,353.6
52480,Nariño,Nariño,2024,15,EDA,1,22000,4.55,257.6
52001,Pasto,Nariño,2024,16,IRA,135,450000,30.0,258.1
52001,Pasto,Nariño,2024,16,EDA,31,450000,6.89,146.0
52683,Sandoná,Nariño,2024,16,IRA,8,30000,26.67,213.4
52683,Sandoná,Nariño,2024,16,EDA,1,30000,3.33,203.5
52207,Consacá,Nariño,2024,16,IRA,5,14000,35.71,479.4
52207,Consacá,Nariño,2024,16,EDA,0,14000,0.0,434.4
52299,La Florida,Nariño,2024,16,IRA,7,18000,38.89,475.8
52299,La Florida,Nariño,2024,16,EDA,1,18000,5.56,284.0
52885,Yacuanquer,Nariño,2024,16,IRA,3,13000,23.08,201.0
52885,Yacuanquer,Nariño,2024,16,EDA,0,13000,0.0,204.8
52480,Nariño,Nariño,2024,16,IRA,9,22000,40.91,557.4
52480,Nariño,Nariño,2024,16,EDA,1,22000,4.55,240.0
52001,Pasto,Nariño,2024,17,IRA,174,450000,38.67,408.2
52001,Pasto,Nariño,2024,17,EDA,18,450000,4.0,448.9
52683,Sandoná,Nariño,2024,17,IRA,10,30000,33.33,410.2
52683,Sandoná,Nariño,2024,17,EDA,1,30000,3.33,188.9
52207,Consacá,Nariño,2024,17,IRA,4,14000,28.57,307.8
52207,Consacá,Nariño,2024,17,EDA,0,14000,0.0,453.9
52299,La Florida,Nariño,2024,17,IRA,8,18000,44.44,364.1
52299,La Florida,Nariño,2024,17,EDA,0,18000,0.0,436.8
52885,Yacuanquer,Nariño,2024,17,IRA,5,13000,38.46,201.2
52885,Yacuanquer,Nariño,2024,17,EDA,0,13000,0.0,145.1
52480,Nariño,Nariño,2024,17,IRA,12,22000,54.55,328.9
52480,Nariño,Nariño,2024,17,EDA,1,22000,4.55,544.5
52001,Pasto,Nariño,2024,18,IRA,200,450000,44.44,158.2
52001,Pasto,Nariño,2024,18,EDA,32,450000,7.11,410.3
52683,Sandoná,Nariño,2024,18,IRA,15,30000,50.0,323.4
52683,Sandoná,Nariño,2024,18,EDA,2,30000,6.67,503.6
52207,Consacá,Nariño,2024,18,IRA,4,14000,28.57,253.8
52207,Consacá,Nariño,2024,18,EDA,0,14000,0.0,417.4
52299,La Florida,Nariño,2024,18,IRA,6,18000,33.33,467.6
52299,La Florida,Nariño,2024,18,EDA,1,18000,5.56,451.2
52885,Yacuanquer,Nariño,2024,18,IRA,5,13000,38.46,223.3
52885,Yacuanquer,Nariño,2024,18,EDA,0,13000,0.0,432.6
52480,Nariño,Nariño,2024,18,IRA,6,22000,27.27,372.3
52480,Nariño,Nariño,2024,18,EDA,1,22000,4.55,492.4
52001,Pasto,Nariño,2024,19,IRA,100,450000,22.22,183.9
52001,Pasto,Nariño,2024,19,EDA,17,450000,3.78,332.4
52683,Sandoná,Nariño,2024,19,IRA,8,30000,26.67,263.0
52683,Sandoná,Nariño,2024,19,EDA,1,30000,3.33,152.3
52207,Consacá,Nariño,2024,19,IRA,3,14000,21.43,542.5
52207,Consacá,Nariño,2024,19,EDA,0,14000,0.0,498.6
52299,La Florida,Nariño,2024,19,IRA,8,18000,44.44,414.4
52299,La Florida,Nariño,2024,19,EDA,1,18000,5.56,193.4
52885,Yacuanquer,Nariño,2024,19,IRA,6,13000,46.15,197.6
52885,Yacuanquer,Nariño,2024,19,EDA,0,13000,0.0,526.1
52480,Nariño,Nariño,2024,19,IRA,8,22000,36.36,554.7
52480,Nariño,Nariño,2024,19,EDA,1,22000,4.55,438.9
52001,Pasto,Nariño,2024,20,IRA,123,450000,27.33,345.9
52001,Pasto,Nariño,2024,20,EDA,35,450000,7.78,420.2
52683,Sandoná,Nariño,2024,20,IRA,13,30000,43.33,263.5
52683,Sandoná,Nariño,2024,20,EDA,1,30000,3.33,534.6
52207,Consacá,Nariño,2024,20,IRA,5,14000,35.71,283.9
52207,Consacá,Nariño,2024,20,EDA,0,14000,0.0,176.1
52299,La Florida,Nariño,2024,20,IRA,7,18000,38.89,309.5
52299,La Florida,Nariño,2024,20,EDA,0,18000,0.0,170.0
52885,Yacuanquer,Nariño,2024,20,IRA,6,13000,46.15,258.5
52885,Yacuanquer,Nariño,2024,20,EDA,0,13000,0.0,356.6
52480,Nariño,Nariño,2024,20,IRA,10,22000,45.45,407.9
52480,Nariño,Nariño,2024,20,EDA,0,22000,0.0,356.8
52001,Pasto,Nariño,2024,21,IRA,102,450000,22.67,484.4
52001,Pasto,Nariño,2024,21,EDA,21,450000,4.67,429.3
52683,Sandoná,Nariño,2024,21,IRA,12,30000,40.0,461.0
52683,Sandoná,Nariño,2024,21,EDA,1,30000,3.33,178.6
52207,Consacá,Nariño,2024,21,IRA,4,14000,28.57,256.7
52207,Consacá,Nariño,2024,21,EDA,0,14000,0.0,540.6
52299,La Florida,Nariño,2024,21,IRA,4,18000,22.22,428.0
52299,La Florida,Nariño,2024,21,EDA,1,18000,5.56,438.7
52885,Yacuanquer,Nariño,2024,21,IRA,3,13000,23.08,454.3
52885,Yacuanquer,Nariño,2024,21,EDA,1,13000,7.69,399.1
52480,Nariño,Nariño,2024,21,IRA,7,22000,31.82,559.7
52480,Nariño,Nariño,2024,21,EDA,1,22000,4.55,338.2
52001,Pasto,Nariño,2024,22,IRA,167,450000,37.11,499.8
52001,Pasto,Nariño,2024,22,EDA,37,450000,8.22,391.8
52683,Sandoná,Nariño,2024,22,IRA,5,30000,16.67,577.5
52683,Sandoná,Nariño,2024,22,EDA,2,30000,6.67,365.7
52207,Consacá,Nariño,2024,22,IRA,4,14000,28.57,568.9
52207,Consacá,Nariño,2024,22,EDA,0,14000,0.0,455.4
52299,La Florida,Nariño,2024,22,IRA,4,18000,22.22,433.1
52299,La Florida,Nariño,2024,22,EDA,1,18000,5.56,190.2
52885,Yacuanquer,Nariño,2024,22,IRA,3,13000,23.08,580.5
52885,Yacuanquer,Nariño,2024,22,EDA,0,13000,0.0,355.7
52480,Nariño,Nariño,2024,22,IRA,7,22000,31.82,440.1
52480,Nariño,Nariño,2024,22,EDA,1,22000,4.55,167.2
52001,Pasto,Nariño,2024,23,IRA,108,450000,24.0,240.7
52001,Pasto,Nariño,2024,23,EDA,38,450000,8.44,564.5
52683,Sandoná,Nariño,2024,23,IRA,8,30000,26.67,317.9
52683,Sandoná,Nariño,2024,23,EDA,1,30000,3.33,443.5
52207,Consacá,Nariño,2024,23,IRA,4,14000,28.57,217.2
52207,Consacá,Nariño,2024,23,EDA,0,14000,0.0,483.4
52299,La Florida,Nariño,2024,23,IRA,5,18000,27.78,377.6
52299,La Florida,Nariño,2024,23,EDA,0,18000,0.0,401.1
52885,Yacuanquer,Nariño,2024,23,IRA,2,13000,15.38,398.1
52885,Yacuanquer,Nariño,2024,23,EDA,1,13000,7.69,359.2
52480,Nariño,Nariño,2024,23,IRA,8,22000,36.36,170.0
52480,Nariño,Nariño,2024,23,EDA,1,22000,4.55,514.6
52001,Pasto,Nariño,2024,24,IRA,68,450000,15.11,212.6
52001,Pasto,Nariño,2024,24,EDA,45,450000,10.0,471.2
52683,Sandoná,Nariño,2024,24,IRA,6,30000,20.0,476.3
52683,Sandoná,Nariño,2024,24,EDA,3,30000,10.0,227.1
52207,Consacá,Nariño,2024,24,IRA,3,14000,21.43,592.5
52207,Consacá,Nariño,2024,24,EDA,0,14000,0.0,223.6
52299,La Florida,Nariño,2024,24,IRA,4,18000,22.22,378.9
52299,La Florida,Nariño,2024,24,EDA,1,18000,5.56,178.5
52885,Yacuanquer,Nariño,2024,24,IRA,3,13000,23.08,218.4
52885,Yacuanquer,Nariño,2024,24,EDA,0,13000,0.0,180.5
52480,Nariño,Nariño,2024,24,IRA,4,22000,18.18,530.7
52480,Nariño,Nariño,2024,24,EDA,1,22000,4.55,237.3
52001,Pasto,Nariño,2024,25,IRA,104,450000,23.11,557.2
52001,Pasto,Nariño,2024,25,EDA,27,450000,6.0,402.0
52683,Sandoná,Nariño,2024,25,IRA,8,30000,26.67,268.1
52683,Sandoná,Nariño,2024,25,EDA,3,30000,10.0,367.7
52207,Consacá,Nariño,2024,25,IRA,3,14000,21.43,636.8
52207,Consacá,Nariño,2024,25,EDA,1,14000,7.14,318.3
52299,La Florida,Nariño,2024,25,IRA,5,18000,27.78,440.2
52299,La Florida,Nariño,2024,25,EDA,1,18000,5.56,566.2
52885,Yacuanquer,Nariño,2024,25,IRA,3,13000,23.08,531.3
52885,Yacuanquer,Nariño,2024,25,EDA,1,13000,7.69,323.8
52480,Nariño,Nariño,2024,25,IRA,3,22000,13.64,229.7
52480,Nariño,Nariño,2024,25,EDA,1,22000,4.55,498.4
52001,Pasto,Nariño,2024,26,IRA,89,450000,19.78,384.7
52001,Pasto,Nariño,2024,26,EDA,58,450000,12.89,186.4
52683,Sandoná,Nariño,2024,26,IRA,3,30000,10.0,588.4
52683,Sandoná,Nariño,2024,26,EDA,3,30000,10.0,553.7
52207,Consacá,Nariño,2024,26,IRA,1,14000,7.14,408.8
52207,Consacá,Nariño,2024,26,EDA,0,14000,0.0,255.5
52299,La Florida,Nariño,2024,26,IRA,2,18000,11.11,491.0
52299,La Florida,Nariño,2024,26,EDA,2,18000,11.11,373.6
52885,Yacuanquer,Nariño,2024,26,IRA,3,13000,23.08,551.2
52885,Yacuanquer,Nariño,2024,26,EDA,1,13000,7.69,268.9
52480,Nariño,Nariño,2024,26,IRA,4,22000,18.18,426.8
52480,Nariño,Nariño,2024,26,EDA,1,22000,4.55,633.7
52001,Pasto,Nariño,2024,27,IRA,82,450000,18.22,190.6
52001,Pasto,Nariño,2024,27,EDA,35,450000,7.78,428.0
52683,Sandoná,Nariño,2024,27,IRA,6,30000,20.0,493.4
52683,Sandoná,Nariño,2024,27,EDA,3,30000,10.0,349.9
52207,Consacá,Nariño,2024,27,IRA,1,14000,7.14,292.3
52207,Consacá,Nariño,2024,27,EDA,1,14000,7.14,443.6
52299,La Florida,Nariño,2024,27,IRA,2,18000,11.11,357.2
52299,La Florida,Nariño,2024,27,EDA,2,18000,11.11,448.5
52885,Yacuanquer,Nariño,2024,27,IRA,1,13000,7.69,567.0
52885,Yacuanquer,Nariño,2024,27,EDA,1,13000,7.69,313.2
52480,Nariño,Nariño,2024,27,IRA,2,22000,9.09,580.5
52480,Nariño,Nariño,2024,27,EDA,2,22000,9.09,668.8
52001,Pasto,Nariño,2024,28,IRA,64,450000,14.22,270.1
52001,Pasto,Nariño,2024,28,EDA,58,450000,12.89,199.5
52683,Sandoná,Nariño,2024,28,IRA,4,30000,13.33,327.7
52683,Sandoná,Nariño,2024,28,EDA,3,30000,10.0,353.8
52207,Consacá,Nariño,2024,28,IRA,2,14000,14.29,578.5
52207,Consacá,Nariño,2024,28,EDA,1,14000,7.14,569.0
52299,La Florida,Nariño,2024,28,IRA,3,18000,16.67,269.8
52299,La Florida,Nariño,2024,28,EDA,2,18000,11.11,433.7
52885,Yacuanquer,Nariño,2024,28,IRA,1,13000,7.69,651.0
52885,Yacuanquer,Nariño,2024,28,EDA,1,13000,7.69,490.7
52480,Nariño,Nariño,2024,28,IRA,2,22000,9.09,282.0
52480,Nariño,Nariño,2024,28,EDA,2,22000,9.09,349.2
52001,Pasto,Nariño,2024,29,IRA,68,450000,15.11,360.6
52001,Pasto,Nariño,2024,29,EDA,37,450000,8.22,585.7
52683,Sandoná,Nariño,2024,29,IRA,4,30000,13.33,387.6
52683,Sandoná,Nariño,2024,29,EDA,2,30000,6.67,439.8
52207,Consacá,Nariño,2024,29,IRA,1,14000,7.14,669.2
52207,Consacá,Nariño,2024,29,EDA,1,14000,7.14,689.7
52299,La Florida,Nariño,2024,29,IRA,2,18000,11.11,394.1
52299,La Florida,Nariño,2024,29,EDA,1,18000,5.56,575.9
52885,Yacuanquer,Nariño,2024,29,IRA,1,13000,7.69,715.7
52885,Yacuanquer,Nariño,2024,29,EDA,1,13000,7.69,251.8
52480,Nariño,Nariño,2024,29,IRA,3,22000,13.64,214.9
52480,Nariño,Nariño,2024,29,EDA,1,22000,4.55,648.0
52001,Pasto,Nariño,2024,30,IRA,46,450000,10.22,284.7
52001,Pasto,Nariño,2024,30,EDA,52,450000,11.56,688.3
52683,Sandoná,Nariño,2024,30,IRA,3,30000,10.0,633.6
52683,Sandoná,Nariño,2024,30,EDA,4,30000,13.33,533.1
52207,Consacá,Nariño,2024,30,IRA,1,14000,7.14,735.5
52207,Consacá,Nariño,2024,30,EDA,2,14000,14.29,236.9
52299,La Florida,Nariño,2024,30,IRA,2,18000,11.11,464.1
52299,La Florida,Nariño,2024,30,EDA,3,18000,16.67,521.9
52885,Yacuanquer,Nariño,2024,30,IRA,1,13000,7.69,345.6
52885,Yacuanquer,Nariño,2024,30,EDA,2,13000,15.38,603.5
52480,Nariño,Nariño,2024,30,IRA,1,22000,4.55,372.8
52480,Nariño,Nariño,2024,30,EDA,3,22000,13.64,691.3
52001,Pasto,Nariño,2024,31,IRA,44,450000,9.78,280.7
52001,Pasto,Nariño,2024,31,EDA,68,450000,15.11,197.0
52683,Sandoná,Nariño,2024,31,IRA,3,30000,10.0,217.3
52683,Sandoná,Nariño,2024,31,EDA,4,30000,13.33,641.4
52207,Consacá,Nariño,2024,31,IRA,0,14000,0.0,503.2
52207,Consacá,Nariño,2024,31,EDA,1,14000,7.14,658.5
52299,La Florida,Nariño,2024,31,IRA,2,18000,11.11,457.4
52299,La Florida,Nariño,2024,31,EDA,2,18000,11.11,519.1
52885,Yacuanquer,Nariño,2024,31,IRA,0,13000,0.0,620.0
52885,Yacuanquer,Nariño,2024,31,EDA,2,13000,15.38,271.3
52480,Nariño,Nariño,2024,31,IRA,1,22000,4.55,571.0
52480,Nariño,Nariño,2024,31,EDA,2,22000,9.09,473.3
52001,Pasto,Nariño,2024,32,IRA,29,450000,6.44,622.0
52001,Pasto,Nariño,2024,32,EDA,88,450000,19.56,648.4
52683,Sandoná,Nariño,2024,32,IRA,1,30000,3.33,472.9
52683,Sandoná,Nariño,2024,32,EDA,5,30000,16.67,724.5
52207,Consacá,Nariño,2024,32,IRA,1,14000,7.14,673.9
52207,Consacá,Nariño,2024,32,EDA,1,14000,7.14,478.6
52299,La Florida,Nariño,2024,32,IRA,1,18000,5.56,716.3
52299,La Florida,Nariño,2024,32,EDA,1,18000,5.56,736.1
52885,Yacuanquer,Nariño,2024,32,IRA,0,13000,0.0,219.6
52885,Yacuanquer,Nariño,2024,32,EDA,1,13000,7.69,361.9
52480,Nariño,Nariño,2024,32,IRA,2,22000,9.09,525.5
52480,Nariño,Nariño,2024,32,EDA,4,22000,18.18,672.6
52001,Pasto,Nariño,2024,33,IRA,20,450000,4.44,750.4
52001,Pasto,Nariño,2024,33,EDA,86,450000,19.11,239.9
52683,Sandoná,Nariño,2024,33,IRA,2,30000,6.67,622.9
52683,Sandoná,Nariño,2024,33,EDA,6,30000,20.0,274.6
52207,Consacá,Nariño,2024,33,IRA,0,14000,0.0,588.6
52207,Consacá,Nariño,2024,33,EDA,2,14000,14.29,314.3
52299,La Florida,Nariño,2024,33,IRA,1,18000,5.56,247.4
52299,La Florida,Nariño,2024,33,EDA,3,18000,16.67,332.5
52885,Yacuanquer,Nariño,2024,33,IRA,1,13000,7.69,353.5
52885,Yacuanquer,Nariño,2024,33,EDA,1,13000,7.69,501.7
52480,Nariño,Nariño,2024,33,IRA,1,22000,4.55,564.5
52480,Nariño,Nariño,2024,33,EDA,4,22000,18.18,335.6
52001,Pasto,Nariño,2024,34,IRA,32,450000,7.11,355.3
52001,Pasto,Nariño,2024,34,EDA,67,450000,14.89,381.9
52683,Sandoná,Nariño,2024,34,IRA,2,30000,6.67,388.1
52683,Sandoná,Nariño,2024,34,EDA,3,30000,10.0,431.4
52207,Consacá,Nariño,2024,34,IRA,0,14000,0.0,546.8
52207,Consacá,Nariño,2024,34,EDA,1,14000,7.14,663.2
52299,La Florida,Nariño,2024,34,IRA,1,18000,5.56,550.7
52299,La Florida,Nariño,2024,34,EDA,2,18000,11.11,606.7
52885,Yacuanquer,Nariño,2024,34,IRA,0,13000,0.0,813.0
52885,Yacuanquer,Nariño,2024,34,EDA,2,13000,15.38,810.1
52480,Nariño,Nariño,2024,34,IRA,0,22000,0.0,779.0
52480,Nariño,Nariño,2024,34,EDA,3,22000,13.64,262.9
52001,Pasto,Nariño,2024,35,IRA,32,450000,7.11,406.1
52001,Pasto,Nariño,2024,35,EDA,109,450000,24.22,289.2
52683,Sandoná,Nariño,2024,35,IRA,1,30000,3.33,673.1
52683,Sandoná,Nariño,2024,35,EDA,5,30000,16.67,789.3
52207,Consacá,Nariño,2024,35,IRA,0,14000,0.0,627.5
52207,Consacá,Nariño,2024,35,EDA,2,14000,14.29,851.1
52299,La Florida,Nariño,2024,35,IRA,1,18000,5.56,304.0
52299,La Florida,Nariño,2024,35,EDA,2,18000,11.11,507.7
52885,Yacuanquer,Nariño,2024,35,IRA,0,13000,0.0,408.2
52885,Yacuanquer,Nariño,2024,35,EDA,1,13000,7.69,787.2
52480,Nariño,Nariño,2024,35,IRA,0,22000,0.0,836.6
52480,Nariño,Nariño,2024,35,EDA,4,22000,18.18,486.7
52001,Pasto,Nariño,2024,36,IRA,20,450000,4.44,656.3
52001,Pasto,Nariño,2024,36,EDA,72,450000,16.0,621.0
52683,Sandoná,Nariño,2024,36,IRA,1,30000,3.33,787.5
52683,Sandoná,Nariño,2024,36,EDA,5,30000,16.67,427.1
52207,Consacá,Nariño,2024,36,IRA,0,14000,0.0,752.3
52207,Consacá,Nariño,2024,36,EDA,1,14000,7.14,397.6
52299,La Florida,Nariño,2024,36,IRA,0,18000,0.0,873.9
52299,La Florida,Nariño,2024,36,EDA,4,18000,22.22,255.1
52885,Yacuanquer,Nariño,2024,36,IRA,0,13000,0.0,528.9
52885,Yacuanquer,Nariño,2024,36,EDA,1,13000,7.69,842.6
52480,Nariño,Nariño,2024,36,IRA,1,22000,4.55,414.5
52480,Nariño,Nariño,2024,36,EDA,5,22000,22.73,785.8
52001,Pasto,Nariño,2024,37,IRA,28,450000,6.22,686.1
52001,Pasto,Nariño,2024,37,EDA,62,450000,13.78,392.1
52683,Sandoná,Nariño,2024,37,IRA,1,30000,3.33,446.1
52683,Sandoná,Nariño,2024,37,EDA,4,30000,13.33,407.5
52207,Consacá,Nariño,2024,37,IRA,0,14000,0.0,614.8
52207,Consacá,Nariño,2024,37,EDA,1,14000,7.14,446.3
52299,La Florida,Nariño,2024,37,IRA,0,18000,0.0,484.7
52299,La Florida,Nariño,2024,37,EDA,3,18000,16.67,340.4
52885,Yacuanquer,Nariño,2024,37,IRA,0,13000,0.0,860.5
52885,Yacuanquer,Nariño,2024,37,EDA,2,13000,15.38,571.5
52480,Nariño,Nariño,2024,37,IRA,0,22000,0.0,543.1
52480,Nariño,Nariño,2024,37,EDA,3,22000,13.64,231.7
52001,Pasto,Nariño,2024,38,IRA,31,450000,6.89,918.4
52001,Pasto,Nariño,2024,38,EDA,77,450000,17.11,728.9
52683,Sandoná,Nariño,2024,38,IRA,1,30000,3.33,437.2
52683,Sandoná,Nariño,2024,38,EDA,8,30000,26.67,922.0
52207,Consacá,Nariño,2024,38,IRA,0,14000,0.0,337.1
52207,Consacá,Nariño,2024,38,EDA,2,14000,14.29,870.2
52299,La Florida,Nariño,2024,38,IRA,1,18000,5.56,717.4
52299,La Florida,Nariño,2024,38,EDA,4,18000,22.22,865.5
52885,Yacuanquer,Nariño,2024,38,IRA,0,13000,0.0,620.5
52885,Yacuanquer,Nariño,2024,38,EDA,2,13000,15.38,515.7
52480,Nariño,Nariño,2024,38,IRA,1,22000,4.55,546.8
52480,Nariño,Nariño,2024,38,EDA,2,22000,9.09,272.5
52001,Pasto,Nariño,2024,39,IRA,33,450000,7.33,656.4
52001,Pasto,Nariño,2024,39,EDA,71,450000,15.78,908.6
52683,Sandoná,Nariño,2024,39,IRA,1,30000,3.33,254.8
52683,Sandoná,Nariño,2024,39,EDA,6,30000,20.0,557.6
52207,Consacá,Nariño,2024,39,IRA,1,14000,7.14,301.2
52207,Consacá,Nariño,2024,39,EDA,2,14000,14.29,377.9
52299,La Florida,Nariño,2024,39,IRA,1,18000,5.56,671.9
52299,La Florida,Nariño,2024,39,EDA,4,18000,22.22,889.1
52885,Yacuanquer,Nariño,2024,39,IRA,0,13000,0.0,344.6
52885,Yacuanquer,Nariño,2024,39,EDA,3,13000,23.08,503.3
52480,Nariño,Nariño,2024,39,IRA,1,22000,4.55,442.5
52480,Nariño,Nariño,2024,39,EDA,3,22000,13.64,938.5
52001,Pasto,Nariño,2024,40,IRA,45,450000,10.0,306.9
52001,Pasto,Nariño,2024,40,EDA,110,450000,24.44,566.9
52683,Sandoná,Nariño,2024,40,IRA,3,30000,10.0,829.0
52683,Sandoná,Nariño,2024,40,EDA,5,30000,16.67,830.5
52207,Consacá,Nariño,2024,40,IRA,1,14000,7.14,552.1
52207,Consacá,Nariño,2024,40,EDA,3,14000,21.43,344.8
52299,La Florida,Nariño,2024,40,IRA,1,18000,5.56,305.8
52299,La Florida,Nariño,2024,40,EDA,2,18000,11.11,589.1
52885,Yacuanquer,Nariño,2024,40,IRA,1,13000,7.69,962.4
52885,Yacuanquer,Nariño,2024,40,EDA,1,13000,7.69,943.1
52480,Nariño,Nariño,2024,40,IRA,2,22000,9.09,307.5
52480,Nariño,Nariño,2024,40,EDA,4,22000,18.18,909.8
52001,Pasto,Nariño,2024,41,IRA,38,450000,8.44,658.9
52001,Pasto,Nariño,2024,41,EDA,110,450000,24.44,806.6
52683,Sandoná,Nariño,2024,41,IRA,1,30000,3.33,384.8
52683,Sandoná,Nariño,2024,41,EDA,5,30000,16.67,657.4
52207,Consacá,Nariño,2024,41,IRA,0,14000,0.0,859.3
52207,Consacá,Nariño,2024,41,EDA,3,14000,21.43,472.2
52299,La Florida,Nariño,2024,41,IRA,1,18000,5.56,590.4
52299,La Florida,Nariño,2024,41,EDA,2,18000,11.11,248.8
52885,Yacuanquer,Nariño,2024,41,IRA,0,13000,0.0,955.4
52885,Yacuanquer,Nariño,2024,41,EDA,3,13000,23.08,597.2
52480,Nariño,Nariño,2024,41,IRA,2,22000,9.09,908.5
52480,Nariño,Nariño,2024,41,EDA,4,22000,18.18,611.5
52001,Pasto,Nariño,2024,42,IRA,55,450000,12.22,434.4
52001,Pasto,Nariño,2024,42,EDA,66,450000,14.67,458.8
52683,Sandoná,Nariño,2024,42,IRA,4,30000,13.33,300.6
52683,Sandoná,Nariño,2024,42,EDA,7,30000,23.33,687.1
52207,Consacá,Nariño,2024,42,IRA,1,14000,7.14,903.0
52207,Consacá,Nariño,2024,42,EDA,3,14000,21.43,608.2
52299,La Florida,Nariño,2024,42,IRA,2,18000,11.11,340.4
52299,La Florida,Nariño,2024,42,EDA,3,18000,16.67,682.8
52885,Yacuanquer,Nariño,2024,42,IRA,1,13000,7.69,372.9
52885,Yacuanquer,Nariño,2024,42,EDA,1,13000,7.69,490.7
52480,Nariño,Nariño,2024,42,IRA,3,22000,13.64,352.3
52480,Nariño,Nariño,2024,42,EDA,3,22000,13.64,455.4
52001,Pasto,Nariño,2024,43,IRA,52,450000,11.56,947.1
52001,Pasto,Nariño,2024,43,EDA,84,450000,18.67,473.9
52683,Sandoná,Nariño,2024,43,IRA,3,30000,10.0,965.5
52683,Sandoná,Nariño,2024,43,EDA,6,30000,20.0,836.3
52207,Consacá,Nariño,2024,43,IRA,1,14000,7.14,325.3
52207,Consacá,Nariño,2024,43,EDA,3,14000,21.43,666.9
52299,La Florida,Nariño,2024,43,IRA,2,18000,11.11,882.2
52299,La Florida,Nariño,2024,43,EDA,4,18000,22.22,482.4
52885,Yacuanquer,Nariño,2024,43,IRA,1,13000,7.69,776.9
52885,Yacuanquer,Nariño,2024,43,EDA,1,13000,7.69,694.6
52480,Nariño,Nariño,2024,43,IRA,3,22000,13.64,263.3
52480,Nariño,Nariño,2024,43,EDA,4,22000,18.18,537.1
52001,Pasto,Nariño,2024,44,IRA,64,450000,14.22,517.2
52001,Pasto,Nariño,2024,44,EDA,127,450000,28.22,334.6
52683,Sandoná,Nariño,2024,44,IRA,3,30000,10.0,425.7
52683,Sandoná,Nariño,2024,44,EDA,4,30000,13.33,944.7
52207,Consacá,Nariño,2024,44,IRA,2,14000,14.29,894.3
52207,Consacá,Nariño,2024,44,EDA,3,14000,21.43,664.5
52299,La Florida,Nariño,2024,44,IRA,2,18000,11.11,836.6
52299,La Florida,Nariño,2024,44,EDA,2,18000,11.11,609.5
52885,Yacuanquer,Nariño,2024,44,IRA,1,13000,7.69,884.6
52885,Yacuanquer,Nariño,2024,44,EDA,3,13000,23.08,624.1
52480,Nariño,Nariño,2024,44,IRA,2,22000,9.09,534.3
52480,Nariño,Nariño,2024,44,EDA,5,22000,22.73,939.0
52001,Pasto,Nariño,2024,45,IRA,81,450000,18.0,848.4
52001,Pasto,Nariño,2024,45,EDA,82,450000,18.22,806.9
52683,Sandoná,Nariño,2024,45,IRA,3,30000,10.0,887.8
52683,Sandoná,Nariño,2024,45,EDA,4,30000,13.33,920.5
52207,Consacá,Nariño,2024,45,IRA,1,14000,7.14,433.1
52207,Consacá,Nariño,2024,45,EDA,2,14000,14.29,358.5
52299,La Florida,Nariño,2024,45,IRA,1,18000,5.56,792.1
52299,La Florida,Nariño,2024,45,EDA,4,18000,22.22,317.9
52885,Yacuanquer,Nariño,2024,45,IRA,2,13000,15.38,843.6
52885,Yacuanquer,Nariño,2024,45,EDA,1,13000,7.69,341.2
52480,Nariño,Nariño,2024,45,IRA,4,22000,18.18,655.0
52480,Nariño,Nariño,2024,45,EDA,3,22000,13.64,349.8
52001,Pasto,Nariño,2024,46,IRA,68,450000,15.11,310.6
52001,Pasto,Nariño,2024,46,EDA,106,450000,23.56,845.7
52683,Sandoná,Nariño,2024,46,IRA,7,30000,23.33,974.4
52683,Sandoná,Nariño,2024,46,EDA,4,30000,13.33,959.7
52207,Consacá,Nariño,2024,46,IRA,1,14000,7.14,532.4
52207,Consacá,Nariño,2024,46,EDA,1,14000,7.14,916.7
52299,La Florida,Nariño,2024,46,IRA,4,18000,22.22,996.7
52299,La Florida,Nariño,2024,46,EDA,3,18000,16.67,383.9
52885,Yacuanquer,Nariño,2024,46,IRA,2,13000,15.38,825.5
52885,Yacuanquer,Nariño,2024,46,EDA,2,13000,15.38,702.4
52480,Nariño,Nariño,2024,46,IRA,2,22000,9.09,708.6
52480,Nariño,Nariño,2024,46,EDA,2,22000,9.09,427.8
52001,Pasto,Nariño,2024,47,IRA,73,450000,16.22,479.6
52001,Pasto,Nariño,2024,47,EDA,121,450000,26.89,678.6
52683,Sandoná,Nariño,2024,47,IRA,8,30000,26.67,336.8
52683,Sandoná,Nariño,2024,47,EDA,4,30000,13.33,652.9
52207,Consacá,Nariño,2024,47,IRA,3,14000,21.43,545.5
52207,Consacá,Nariño,2024,47,EDA,3,14000,21.43,602.6
52299,La Florida,Nariño,2024,47,IRA,5,18000,27.78,400.8
52299,La Florida,Nariño,2024,47,EDA,3,18000,16.67,555.8
52885,Yacuanquer,Nariño,2024,47,IRA,2,13000,15.38,437.2
52885,Yacuanquer,Nariño,2024,47,EDA,1,13000,7.69,1027.4
52480,Nariño,Nariño,2024,47,IRA,3,22000,13.64,345.8
52480,Nariño,Nariño,2024,47,EDA,3,22000,13.64,854.1
52001,Pasto,Nariño,2024,48,IRA,126,450000,28.0,694.5
52001,Pasto,Nariño,2024,48,EDA,56,450000,12.44,515.9
52683,Sandoná,Nariño,2024,48,IRA,5,30000,16.67,481.2
52683,Sandoná,Nariño,2024,48,EDA,6,30000,20.0,503.3
52207,Consacá,Nariño,2024,48,IRA,4,14000,28.57,606.2
52207,Consacá,Nariño,2024,48,EDA,2,14000,14.29,486.6
52299,La Florida,Nariño,2024,48,IRA,5,18000,27.78,407.2
52299,La Florida,Nariño,2024,48,EDA,2,18000,11.11,915.9
52885,Yacuanquer,Nariño,2024,48,IRA,3,13000,23.08,789.6
52885,Yacuanquer,Nariño,2024,48,EDA,1,13000,7.69,1038.9
52480,Nariño,Nariño,2024,48,IRA,5,22000,22.73,342.0
52480,Nariño,Nariño,2024,48,EDA,4,22000,18.18,773.6
52001,Pasto,Nariño,2024,49,IRA,80,450000,17.78,371.1
52001,Pasto,Nariño,2024,49,EDA,80,450000,17.78,719.2
52683,Sandoná,Nariño,2024,49,IRA,5,30000,16.67,979.8
52683,Sandoná,Nariño,2024,49,EDA,8,30000,26.67,309.9
52207,Consacá,Nariño,2024,49,IRA,5,14000,35.71,523.1
52207,Consacá,Nariño,2024,49,EDA,2,14000,14.29,1030.7
52299,La Florida,Nariño,2024,49,IRA,3,18000,16.67,912.0
52299,La Florida,Nariño,2024,49,EDA,4,18000,22.22,476.3
52885,Yacuanquer,Nariño,2024,49,IRA,4,13000,30.77,712.5
52885,Yacuanquer,Nariño,2024,49,EDA,2,13000,15.38,874.1
52480,Nariño,Nariño,2024,49,IRA,6,22000,27.27,571.1
52480,Nariño,Nariño,2024,49,EDA,4,22000,18.18,729.1
52001,Pasto,Nariño,2024,50,IRA,121,450000,26.89,634.1
52001,Pasto,Nariño,2024,50,EDA,69,450000,15.33,853.8
52683,Sandoná,Nariño,2024,50,IRA,6,30000,20.0,452.8
52683,Sandoná,Nariño,2024,50,EDA,5,30000,16.67,745.6
52207,Consacá,Nariño,2024,50,IRA,2,14000,14.29,335.7
52207,Consacá,Nariño,2024,50,EDA,1,14000,7.14,311.3
52299,La Florida,Nariño,2024,50,IRA,6,18000,33.33,1012.1
52299,La Florida,Nariño,2024,50,EDA,3,18000,16.67,785.0
52885,Yacuanquer,Nariño,2024,50,IRA,2,13000,15.38,740.6
52885,Yacuanquer,Nariño,2024,50,EDA,1,13000,7.69,317.8
52480,Nariño,Nariño,2024,50,IRA,7,22000,31.82,853.5
52480,Nariño,Nariño,2024,50,EDA,5,22000,22.73,415.0
52001,Pasto,Nariño,2024,51,IRA,161,450000,35.78,634.4
52001,Pasto,Nariño,2024,51,EDA,65,450000,14.44,521.5
52683,Sandoná,Nariño,2024,51,IRA,12,30000,40.0,677.9
52683,Sandoná,Nariño,2024,51,EDA,7,30000,23.33,281.1
52207,Consacá,Nariño,2024,51,IRA,4,14000,28.57,961.6
52207,Consacá,Nariño,2024,51,EDA,2,14000,14.29,499.1
52299,La Florida,Nariño,2024,51,IRA,5,18000,27.78,610.9
52299,La Florida,Nariño,2024,51,EDA,2,18000,11.11,685.6
52885,Yacuanquer,Nariño,2024,51,IRA,5,13000,38.46,490.2
52885,Yacuanquer,Nariño,2024,51,EDA,2,13000,15.38,635.4
52480,Nariño,Nariño,2024,51,IRA,4,22000,18.18,808.1
52480,Nariño,Nariño,2024,51,EDA,3,22000,13.64,341.0
52001,Pasto,Nariño,2024,52,IRA,175,450000,38.89,758.6
52001,Pasto,Nariño,2024,52,EDA,88,450000,19.56,691.5
52683,Sandoná,Nariño,2024,52,IRA,10,30000,33.33,907.0
52683,Sandoná,Nariño,2024,52,EDA,5,30000,16.67,553.4
52207,Consacá,Nariño,2024,52,IRA,4,14000,28.57,996.0
52207,Consacá,Nariño,2024,52,EDA,2,14000,14.29,523.9
52299,La Florida,Nariño,2024,52,IRA,8,18000,44.44,499.3
52299,La Florida,Nariño,2024,52,EDA,1,18000,5.56,289.0
52885,Yacuanquer,Nariño,2024,52,IRA,5,13000,38.46,521.0
52885,Yacuanquer,Nariño,2024,52,EDA,2,13000,15.38,275.1
52480,Nariño,Nariño,2024,52,IRA,9,22000,40.91,515.2
52480,Nariño,Nariño,2024,52,EDA,2,22000,9.09,518.1
